,,,,
Pima Medical Institute-Seattle,Test,,,
Pine Manor College,,,,
Pine Technical College,8/22/2015,12/21/2015,1/1/2015,5/13/2015
Pioneer Pacific College,,,,
Pittsburgh Institute Of Mortuary Science Inc,9/29/2014,9/28/2014,2/2/2015,2/1/2016
Pittsburgh Technical Institute,,,,
Pittsburgh Theological Seminary,8/27/2015,12/14/2015,1/4/2015,7/11/2015
Pitzer College,8/1/2015,12/1/2015,1/1/2016,5/1/2016
Platt College-Lawton,We at tenth row,9/13/2015,12/21/2015,1/3/2016
Platt College-Los Angeles,,,,
Platt College-San Diego,,,,
Polytechnic University,,,,
Pontifical College Josephinum,,,,
Portland Cmty Clg-Rock Creek,,,,
Pratt Community College,,,,
Prince William Sound Community College,,,,
Principia College,,,,
Pace University,,,,
Pace University - Westchester,,,,
Pacific Union College,,,,
Pacific University,,,,
Palm Beach Atlantic University,,,,
Palm Beach Community College-Central,,,,
Palo Alto College,,,,
Palo Verde College,,,,
Palomar College,,,,
Paradise Valley Community College,,,,
Park University,,,,
Pasadena City College,,,,
Pasco-Hernando Community College Dist,,,,
Pearl River Community College,,,,
Peirce College,,,,
Pellissippi St Tech Community College,4/6/2015,10/12/2015,1/15/2015,5/9/2015
Peninsula College,5/13/2015,12/10/2015,2/3/2016,6/22/2016
Penn St University Abbington College,8/17/2015,12/19/2015,1/2/2016,5/6/2016
Penn State Erie - Behrend College,8/20/2015,12/14/2015,1/11/2016,5/2/2016
Penn State University - Altoona College,2/3/2015,6/19/2015,2/3/2016,7/31/2016
Penn State University - Berks-Leigh V College,8/20/2015,12/18/2015,1/11/2016,5/7/2015
Penn State University - Harrisburg,5/31/2015,9/28/2015,9/30/2015,2/25/2015
Pennsylvania College Of Technology,8/13/2015,12/19/2015,1/1/2016,5/13/2016
Pennsylvania Highland Community College,,,,
Pennsylvania Institute Of Tech,,,,
Pennsylvania State University,,,,
Pepperdine University,,,,
Peru State College,,,,
Pfeiffer University,,,,
Philadelphia University,,,,
Phillips Community College-Helena,,,,
Phoenix College,,,,
Piedmont College-Demorest,,,,
Pierce College,,,,
Pierce College - Puyallup,,,,
Pierce College-Fort Steilacoom,,,,
Pikes Peak Community College,,,,
Pikeville College,,,,
Pima Community College District,,,,
Pittsburg State University,,,,
Plymouth State University,,,,
Point Loma Nazarene University,,,,
Point Park University,,,,
Polk Community College-Winter Haven,,,,
Pomona College,,,,
Porterville College,,,,
Portland Community College-Sylvania,,,,
Portland State University,,,,
Post University,,,,
Prairie State College,,,,
Prairie View A & M University,,,,
Pratt Institute,,,,
Presbyterian College,,,,
Presentation College,,,,
Prince Georges Community College,,,,
Princeton University,,,,
Providence College,,,,
Pueblo Community College,,,,
Pulaski Technical College,,,,
Purdue University,,,,
Purdue University - Calumet,,,,
Queens University Of Charlotte,,,,
Quincy College-Quincy,,,,
Quinebaug Valley Community College,,,,
Quinnipiac University,,,,
Quinsigamond Community College,,,,
Rainy River Community College,,,,
Randolph Community College,,,,
Randolph-Macon College,,,,
Ranger College,,,,
Rasmussen College-Eagan,,,,
Rasmussen College-Eden Prairie,,,,
Rasmussen College-Mankato,,,,
Redlands Community College,,,,
Reid State Tech Clg-Evergreen,,,,
Remington College-San Diego Campus,,,,
Rend Lake College,,,,
Reuben-Allen College,,,,
Rich Mountain Community College,,,,
Richmond Community College,,,,
Ringling College Of Art And Design,,,,
Rio Salado College,,,,
Roanoke-Chowan Community College,,,,
Roberts Wesleyan College,,,,
Robeson Community College,,,,
Rockingham Community College,,,,
Rocky Mountain College,,,,
Rush University,,,,
Russell Sage College,,,,
Rust College,,,,
Radford University,,,,
Ramapo College,,,,
Ranken Technical College,,,,
Raritan Valley Community College,,,,
Rasmussen College-St Cloud,,,,
Reading Area Community College,,,,
Red Rocks Community College,,,,
Reed College,,,,
Reedley College,,,,
Regent University,,,,
Regis College,,,,
Regis University-Denver,,,,
Reinhardt College,,,,
Rensselaer Polytechnic Institute,,,,
Rhode Island College,,,,
Rhode Island School Of Design,,,,
Rhodes College,,,,
Rice University,,,,
Richard Stockton College Of Nj,,,,
Richland College,,,,
Richland Community College,,,,
Rider University,,,,
Ridgewater College,,,,
Rio Hondo College,,,,
Ripon College,,,,
River Parishes Community College,,,,
Riverside Community College,,,,
Rivier College,,,,
Roane State Community College,,,,
Roanoke College,,,,
Robert Morris University,,,,
Rochester College,,,,
Rochester Community & Technical College,,,,
Rochester Institute Of Tech,,,,
Rock Valley College,,,,
Rockford College,,,,
Rockhurst University,,,,
Rockland Community College,,,,
Roger Williams University,,,,
Rogers State University-Claremore,,,,
Rogue Community College-Redwood,,,,
Rollins College,,,,
Roosevelt University,,,,
Rosalind Franklin University Med/Sci,,,,
Rose State College,,,,
Rose-Hulman Institute Of Technology,,,,
Rowan University,,,,
Rowan-Cabarrus Community College-North,,,,
Rutgers The State University Of Nj,,,,
Rutgers University,,,,
Rutgers University,,,,
Saint Augustine College,,,,
Saint Catharine College,,,,
Saint Gregorys University,,,,
Saint Johns University,,,,
Saint Louis University-Main Campus,,,,
Saint Paul School Of Theology,,,,
Saint Paul'S College,,,,
Salem College,,,,
Salish Kootenai College,,,,
Salt Lake Cmty Clg-South City,,,,
Sampson Community College,,,,
San Antonio Clg Med/Dent Asst,,,,
San Diego Christian College,,,,
San Francisco Theological Seminary,,,,
San Jacinto Clg Dist System,,,,
San Juan Basin Technical College,,,,
Sandersville Technical College,,,,
Sanford Brown Clg-Fenton,,,,
Schiller International University,,,,
Scripps College,,,,
Se Baptist Theological Sem,,,,
Sheldon Jackson College,,,,
Shelton State Cmty Clg-Fredd,,,,
Sheridan College,,,,
Shoreline Cmty College-Seattle,,,,
Silver Lake College,,,,
Simpson University,,,,
Sinte Gleska University,,,,
Sisseton-Wahpeton Cmty College,,,,
Sitting Bull College,,,,
Skagit Valley College,,,,
Snow College-Ephraim,,,,
South College,,,,
South Georgia Technical College,,,,
South Hills School Of Business And Technology,,,,
South Puget Sound Community College,,,,
South University-Montgomery,,,,
South University-Palm Beach,,,,
Southeast Kentucky Community And Technical College,,,,
Southeastern Bible College,,,,
Southeastern Community College,,,,
Southeastern Technical College,,,,
Southeastern University,,,,
Southern California University Of Health Sciences,,,,
Southern Illinois University Edwardsville,,,,
Southern State Community College,,,,
Southern University At Shreveport,,,,
Southern Vermont College,,,,
Southern Virginia University,,,,
Southern West Virginia Community And Technical College,,,,
Southwest College Of Naturopathic Medicine & Health Sciences,,,,
Southwest Collegiate Institute For The Deaf,,,,
Southwest Florida College,,,,
Southwest Georgia Technical College,,,,
Southwest Mississippi Community College,,,,
Southwest Texas Junior College,,,,
Southwest Virginia Community College,,,,
Southwestern Adventist University,,,,
Southwestern Christian College,,,,
Southwestern Christian University,,,,
Southwestern Clg Of Business,,,,
Southwestern College,,,,
Southwestern College,,,,
Southwestern College,,,,
Southwestern Community College,,,,
Southwestern Indian Polytechnic Institute,,,,
Southwestern Michigan College,,,,
Southwestern Oregon Community College,,,,
Spartan College Of Aeronautics And Technology,,,,
Spartanburg Methodist College,,,,
Spokane Community College,,,,
St Andrews Presbyterian College,,,,
St Clair County Community College,,,,
St Joseph'S College Of Nursing At St Joseph'S Hospital Health Center,,,,
St Vincent'S College,,,,
St. John'S Seminary,,,,
St. Mary'S Seminary & University,,,,
Stanly Community College,,,,
Starr King School For Ministry,,,,
State Fair Community College,,,,
Sterling College,,,,
Stevens-Henager College Of Business-Provo,,,,
Stevens-Henager College-Ogden,,,,
Stillman College,,,,
Stone Academy,,,,
Stone Child College,,,,
Strayer University-Takoma Park,,,,
Sullivan County Community College,,,,
Suny Alfred State College,,,,
Suny Brockport,,,,
Suny Canton,,,,
Suny Cobleskill,,,,
Suny College At Old Westbury,,,,
Suny College At Oneonta,,,,
Suny College At Plattsburgh,,,,
Suny College At Potsdam,,,,
Suny College At Purchase,,,,
Suny College Of Env Sci/Forestry,,,,
Suny Cortland College,,,,
Suny Delhi College Of Tech,,,,
Suny Erie Community College,,,,
Suny Health Science Center At Syracuse,,,,
Suny Institute Of Technology,,,,
Suny Maritime College,,,,
Suny Morrisville College Of Technology,,,,
Suny Oswego,,,,
Suny Stony Brook University,,,,
Suny University At Albany,,,,
Suny At Binghamton,,,,
Surry Community College,,,,
Swainsboro Technical College,,,,
Sacramento City College,,,,
Sacred Heart University,,,,
Saddleback College,,,,
Sage College Of Albany,,,,
Saginaw Valley State University,,,,
Saint Anselm College,,,,
Saint Joseph'S University,,,,
Saint Leo University,,,,
Saint Louis University,,,,
Saint Mary'S College,,,,
Saint Mary'S University Of Minnesota,,,,
Saint Marys College Of California,,,,
Saint Michaels College,,,,
Saint Paul College,,,,
Saint Peters College,,,,
Saint Vincent College,,,,
Salem Community College,,,,
Salem State College,,,,
Salisbury University,,,,
Salt Lake Community College-Redwood,,,,
Sam Houston State University,,,,
Samford University,,,,
San Antonio College,,,,
San Bernardino Valley College,,,,
San Diego City College,,,,
San Diego Mesa College,,,,
San Diego Miramar College,,,,
San Diego St University-San Diego,,,,
San Diego State University - Imperial Valley,,,,
San Francisco State University,,,,
San Jacinto College - South,,,,
San Jacinto College-Central,,,,
San Joaquin Delta College,,,,
San Jose City College,,,,
San Jose State University,,,,
San Juan College,,,,
Sandhills Community College,,,,
Santa Ana College,,,,
Santa Barbara City College,,,,
Santa Clara University,,,,
Santa Fe Community College,,,,
Santa Monica College,,,,
Santa Rosa Junior College,,,,
Santiago Canyon College,,,,
Sauk Valley Community College,,,,
Savannah College Of Art And Design,,,,
Savannah State University,,,,
Savannah Technical College-Savanna,,,,
Schenectady County Community College,,,,
School Of Museum Of Fine Arts,,,,
School Of The Art Institute Of Chicago,,,,
Schoolcraft College,,,,
Schreiner University,,,,
Scottsdale Community College,,,,
Seattle Pacific University,,,,
Seminole Community College-Sanford,,,,
Seminole State University,,,,
Seton Hall University,,,,
Seton Hill University,,,,
Sewanee: The University Of The South,,,,
Seward County Community College,,,,
Shasta College,,,,
Shaw University,,,,
Shawnee State University,,,,
Shelton State Community College-Martin,,,,
Shenandoah University,,,,
Shepherd University,,,,
Shippensburg University Of Penn,,,,
Shorter College,,,,
Siena College,,,,
Siena Heights University,,,,
Sierra College-Rocklin,,,,
Sierra Nevada College,,,,
Simmons College,,,,
Simpson College,,,,
Sinclair Community College,,,,
Skidmore College,,,,
Skyline College,,,,
Slippery Rock University,,,,
Smith College,,,,
Snead State Community College,,,,
So Union State Community College-Wadley,,,,
Solano Community College,,,,
Somerset Community College,,,,
Sonoma State University,,,,
South Arkansas Community College,,,,
South Carolina State University,,,,
South Central Tech College-Mankato,,,,
South Dakota School Of Mines-Tech,,,,
South Florida Community College-Highlan,,,,
South Georgia College,,,,
South Louisiana Community College-Lafay,,,,
South Mountain Community College,,,,
South Piedmont Community College,,,,
South Plains College,,,,
South Texas Community College - Pecan,,,,
South University,,,,
South University - Savannah,,,,
South West Assemblies Of God University,,,,
Southeast Arkansas College,,,,
Southeast Community College,,,,
Southeast Missouri State University,,,,
Southeast Technical Institute,,,,
Southeastern Community College,,,,
Southeastern Louisiana University,,,,
Southeastern Oklahoma St University,,,,
Southeastern University,,,,
Southern Adventist University,,,,
Southern Arkansas University,,,,
Southern Arkansas University Tech,,,,
Southern Connecticut State University,,,,
Southern Illinois University,,,,
Southern Maine Community College,,,,
Southern Methodist University,,,,
Southern Nazarene University,,,,
Southern New Hampshire University,,,,
Southern Oregon University,,,,
Southern Polytechnic State University,,,,
Southern University A&M College,,,,
Southern University At New Orleans,,,,
Southern Utah University,,,,
Southern Wesleyan University,,,,
Southwest Baptist University,,,,
Southwest Minnesota State University,,,,
Southwest Tenn Community College-Macon,,,,
Southwestern College,,,,
Southwestern Community College,,,,
Southwestern Ill College-Bell,,,,
Southwestern Oklahoma St University,,,,
Sowela Technical Community College,,,,
Spelman College,,,,
Spokane Falls Community College,,,,
Spring Hill College,,,,
Springfield College,,,,
Springfield Tech Community College,,,,
St Ambrose University,,,,
St Augustines College,,,,
St Bonaventure University,,,,
St Charles Community College,,,,
St Edwards University,,,,
St John Fisher College,,,,
St John'S College/College Prof Studies,,,,
St John'S University,,,,
St Joseph College,,,,
St Joseph'S College,,,,
St Josephs College,,,,
St Josephs College,,,,
St Lawrence University,,,,
St Louis Community College - Florissant,,,,
St Louis Community College - Forest Park,,,,
St Louis Community College Center Off,,,,
St Martins College,,,,
St Mary Of The Woods College,,,,
St Marys College Of Maryland,,,,
St Olaf College,,,,
St Philips College,,,,
St Thomas Aquinas College,,,,
St Thomas University,,,,
St. Catherine University,,,,
St. Cloud State University,,,,
St. Cloud Technical & Community College,,,,
St. Francis College,,,,
St. Johns River State College,,,,
St. Mary'S University,,,,
St. Norbert College,,,,
Stanford University,,,,
Stark State College Of Technology,,,,
Stephen F. Austin State University,,,,
Stephens College,,,,
Stetson University,,,,
Stonehill College,,,,
Suffolk Cmty Clg Ctrl Adm,,,,
Suffolk Co Community College-Ammerman,,,,
Suffolk University,,,,
Sul Ross State University,,,,
Susquehanna University,,,,
Sw Baptist Theological Sem,,,,
Swarthmore College,,,,
Syracuse University,,,,
Tabor College,,,,
Tacoma Community College,,,,
Talladega College,,,,
Taylor University-Fort Wayne,,,,
Technical Career Institutes,,,,
Technical College Of The Lowcountry,,,,
Temple College,,,,
Tennessee Temple University,,,,
Terra State Community College,,,,
Texas A & M University At Galveston,,,,
Texas A&M University System Office,,,,
Texas College,,,,
Texas St Technical Clg Sys Off,,,,
Texas State Technical College-Harlingen,,,,
Texas State Technical College-Marshall,,,,
Texas State Technical College-Waco,,,,
Texas State Technical College-West Texas,,,,
Texas Tech University Health Sciences Center,,,,
Thaddeus Stevens College Of Technology,,,,
The Art Inst Of Atlanta,,,,
The Art Inst Of Boston-Lesley,,,,
The Art Inst Of Colorado,,,,
The Art Inst Of Ft Lauderdale,,,,
The Art Inst Of Phoenix,,,,
The Art Inst Of Portland,,,,
The Art Inst Of Washington,,,,
The Art Institute Of Cincinnati,,,,
The Art Institute Of Pittsburgh,,,,
The Baptist College Of Florida,,,,
The California St University Sys Off,,,,
The College Of Idaho,,,,
The Curtis Institute Of Music,,,,
The Dickinson School Of Law Of The Pennsylvania State University,,,,
The National Hispanic University,,,,
The New Eng Institute Of Art,,,,
The New England Conservatory Of Music,,,,
The University Of Montana-Western,,,,
The University Of Texas Of The Permian Basin,,,,
Thomas University,,,,
Three Rivers Community College,,,,
Three Rivers Community College,,,,
Tillamook Bay Community College,,,,
Toccoa Falls College,,,,
Tohono O'Odham Cmty College,,,,
Tougaloo College,,,,
Treasure Valley Community College,,,,
Tri-County Community College,,,,
Tri-State College Of Acupuncture,,,,
Trident Tech College-Berkeley,,,,
Trinidad State Junior College,,,,
Trinity College Of Florida,,,,
Trinity Law And Graduate School,,,,
