pleasue enter the dates in mm/dd format,fall start,fall end,spring start,spring end,,GROUP 1,,,,,,Caldwell Community College And Technical Institute,,,,,,California Christian College,20/08/2014,02/01/2015,14/01/2015,09/05/2015,,California Institute Of The Arts,07/07/2015,12/12/2015,10/11/2015,15/05/2015,,California State University-Monterey Bay,01/06/2015,26/06/2015,,,,Calvary Bible College And Theological Seminary,,,,,,Cambridge Clg-Cambridge,19/01/2015,22/12/2015,18/06/2015,29/07/2015,,Cankdeska Cikana Community College,01/06/2015,26/06/2015,01/07/2015,"July 23-24, 2015",,Capitol College,,,,,,Carl Albert State College,13/08/2014,"Nov 24Ð28, 2014",14/01/2015,April 2 & 3-2015,,Carlos Albizu University-Miami Campus,01/06/2015,12/12/2015,01/10/2014,18/04/2015,,Carroll College,,,,,,Carteret Community College,19/08/2014,17/12/2014,07/01/2015,06/05/2015,,Cascade College,"May 6-8, 2015",16/12/2015,,,,Catawba Valley Community College,18/08/2014,17/12/2014,08/01/2015,08/05/2015,,Catholic University Of America,31/08/2014,14/12/2014,11/01/2015,30/04/2015,,Centenary College Of Louisiana,31/08/2014,11/12/2014,07/01/2015,24/04/2015,,Central Baptist College,20/08/2014,30/11/2014,15/01/2015,27/04/2015,,Central Bible College,,,,,,Central Carolina Technical College,17/08/2015,09/12/2015,12/01/2015,29/04/2015,,Central Christian College Of Kansas,24/08/2015,11/11/2015,01/02/2016,19/04/2016,,Central Lakes College-Brainerd,24/08/2015,14/12/2015,11/01/2016,06/05/2016,,Central New Mexico Community College,17/08/2015,12/12/2015,,,,Central Ohio Technical College,,,11/01/2016,27/04/2016,,Central Oregon Community College,9/28/0215,13/12/2015,30/03/2015,14/06/2015,,Central Piedmont Cmty Clg-Lev,17/08/2015,11/12/2015,12/01/2015,12/05/2015,,Central Virginia Community College,24/08/2015,15/12/2015,,,,Central Wyoming College,31/08/2015,16/12/2015,,,,Champlain College,31/08/2015,11/12/2015,18/01/2016,29/04/2016,,Charles Drew University Of Medicine And Science,25/08/2014,10/10/2014,12/01/2015,09/03/2015,,Chief Dull Knife College,02/09/2014,12/12/2014,12/01/2015,01/05/2015,,Chowan University,20/08/2013,02/12/2013,14/01/2014,25/03/2014,,Church Divinity School Of The Pacific,02/09/2014,12/12/2014,02/02/2015,22/05/2015,,Cisco Junior College,,,,,,City Colleges Of Chicago Sys,24/08/2015,12/12/2015,11/01/2016,07/05/2016,,Claflin University,18/08/2014,24/10/2014,12/01/2015,23/04/2015,,Clarendon College,27/08/2014,20/11/2014,20/01/2015,16/04/2015,,Clark University,,,,,,Clarkson College,31/08/2015,11/12/2015,12/01/2015,01/05/2015,,Clatsop Community College,28/09/2015,11/12/2015,01/03/2016,10/06/2016,,Clearwater Christian College,24/08/2015,11/12/2015,20/01/2015,07/05/2015,,Cleary University-Washtenaw,,,01/06/2015,12/07/2015,,Cleveland Community College,17/08/2015,14/12/2015,11/01/2016,09/05/2016,,Cleveland State Community College,25/08/2014,06/12/2014,20/01/2015,02/05/2015,,Clg Menominee Nation-Keshena,24/08/2014,"Dec 7-13, 2014",25/01/2015,"May 10-16, 2015",,Clg Of S Nevada-W Charleston,25/08/2014,14/12/2014,20/01/2015,17/05/2015,,Clg Of Santa Fe-Santa Fe,,,,,,Clg Of The Albemarle-Eliz City,16/09/2014,15/12/2014,08/01/2015,27/07/2015,,Clg Of The Southwest-Hobbs,,,,,,Clinton Community College,24/08/2015,11/12/2015,26/01/2015,15/05/2015,,Cmty Clg Of Vermont-Waterbury,08/09/2015,21/12/2015,26/01/2015,08/05/2015,,Coahoma Community College,25/08/2014,17/10/2014,20/01/2015,19/03/2015,,Coastal Bend College-Beeville,25/08/2014,05/12/2014,12/01/2015,"May 1-7, 2015",,Coconino County Community College,,,,,,Cogswell Polytechnical College,08/09/2015,19/12/2015,20/01/2015,09/05/2015,,Colby Community College,18/08/2014,24/10/2014,12/01/2015,27/03/2015,,Colby-Sawyer College,08/09/2015,11/12/2015,19/01/2016,29/04/2016,,Colgate Rochester Crozer Divinity School,25/08/2014,12/12/2014,02/02/2015,08/05/2015,,College For Creative Studies,08/09/2015,19/12/2015,,,,College Of Eastern Utah,,,,,,College Of Saint Marys,26/08/2015,"Dec 4 - 6, 2015",13/01/2016,"April 29 - May 1, 2016",,College Of St Catherine,,,,,,College Of St Joseph,24/08/2015,10/12/2015,12/01/2015,07/05/2015,,College Of The Mainland,25/08/2014,13/12/2014,20/01/2015,05/06/2015,,Colorado College,,,,,,Colorado Northwestern Community College,25/08/2014,20/11/2014,12/01/2015,13/04/2015,,Columbia Gorge Community College,22/09/2014,14/11/2014,30/03/2015,22/05/2015,,Columbia International University,,,,,,Columbia University In The City Of New York,02/09/2014,08/12/2014,20/01/2015,04/05/2015,,Columbia-Greene Community College,08/09/2015,21/12/2014,20/01/2015,11/05/2015,,Columbus College Of Art And Design,,,,,,Community College Of Beaver County,,,,,,Community College Of The Air Force,,,,,,Concordia College,,,,,,Concordia University,08/09/2015,07/12/2015,,,,Concordia University,08/09/2015,07/12/2015,,,,Concordia University-Ann Arbor,31/08/2015,06/11/2015,25/01/2016,01/04/2016,,Concordia University-Wisconsin,31/08/2015,06/11/2015,25/01/2016,01/04/2016,,Connors State Clg-Warner,,,,,,Copiah-Lincoln Community College,,,,,,Copiah-Lincoln Community College-Natchez Campus,,,,,,Copper Mountain College,17/08/2015,19/12/2015,19/01/2016,25/05/2016,,Corban College,,,,,,Cornell College,,,,,,Cottey College,,,,,,Covenant College,28/08/2015,10/12/2015,13/01/2016,28/04/2016,,Craven Community College,18/08/2014,16/12/2014,08/01/2015,11/05/2015,,Crowder College,17/08/2015,18/11/2015,12/01/2015,30/04/2015,,Crowley'S Ridge College,,,,,,Crown College,27/08/2014,29/10/2014,14/01/2015,23/03/2015,,Csu Dominguez Hills,17/08/2015,21/12/2015,19/01/2016,25/05/2016,,Csu East Bay,23/09/2015,13/12/2015,30/03/2015,14/06/2015,,Csu San Marcos,31/08/2015,12/12/2015,25/01/2016,13/05/2016,,Csu Stanislaus,21/08/2014,09/12/2014,27/01/2015,15/05/2015,,Culver-Stockton College,25/08/2014,19/12/2014,12/01/2015,12/05/2015,,Cuny College Of Staten Island,"August 27 - Sept 1, 2015",01/12/2015,28/01/2015,01/05/2015,,Cuny Hostos Community College,27/08/2015,14/12/2015,28/01/2015,16/05/2015,,Cuny Hunter College,28/08/2014,23/12/2014,28/01/2015,24/05/2015,,Cuny Laguardia Community College,08/09/2015,09/12/2015,18/06/2015,02/08/2015,,Cuny Queens College,28/08/2014,15/12/2014,27/01/2014,23/05/2015,,Cuny York College,28/08/2014,23/12/2014,28/01/2015,24/05/2015,,Cabrillo College,31/08/2015,19/12/2015,28/01/2015,21/05/2015,,Cabrini College,02/09/2014,18/12/2014,06/01/2015,23/04/2015,,Cal Polytechnic State University,15/09/2014,05/12/2014,30/03/2015,"June 13- 14, 2015",,Cal St University-San Bernardino,24/09/2015,07/12/2015,04/04/2016,13/06/2016,,Cal State Polytech-Pomona,25/09/2014,"Oct 2-15, 2015",30/03/2015,"April 7-20, 2015",,Caldwell College,31/08/2015,12/12/2015,25/01/2016,05/05/2016,,Calhoun Community College,17/08/2015,08/12/2015,11/01/2016,04/05/2016,,Calif Institute Of Integral Studies,28/08/2014,15/12/2014,20/01/2015,11/05/2015,,California Baptist University,02/09/2014,24/10/2014,07/01/2015,06/03/2015,,California College Of Arts-Oakland,31/08/2015,11/12/2015,19/01/2016,06/05/2016,,California Institute Of Technology,29/09/2014,12/12/2014,30/03/2015,12/06/2015,,California Lutheran University,02/09/2015,18/12/2015,20/01/2016,13/05/2016,,California St University-Fresno,21/08/2014,"Dec 15-18, 2014",15/01/2015,"May 11- 14, 2015",,California St University-Fullerton,25/08/2014,"Dec 15-19, 2014",20/01/2015,"May 11- 15, 2015",,California St University-Long Beach,25/08/2014,"Dec 11-17, 2014",20/01/2015,"May 11- 16, 2015",,California St University-Los Angeles,25/09/2014,"Dec 8-13, 2014",30/03/2015,"June 8-13, 2015",,California St University-Northridge,25/08/2014,"Dec 10-16, 2014",20/01/2015,"May 9-15, 2015",,California St University-Sacramento,02/09/2014,"Dec 15-19, 2014",26/01/2015,"May 18-22, 2015",,California State University Chico,25/08/2014,"Dec 15-19, 2014",20/01/2015,"May 11-15, 2015",,California University Of Pa,24/08/2015,04/12/2015,"Nov 2-6, 2015",02/05/2016,,Calumet College Of St Joseph,16/08/2014,04/12/2014,03/01/2016,22/04/2016,,Calvin College,02/09/2014,08/12/2014,02/02/2015,14/05/2015,,Camden County College,03/09/2014,23/12/2014,21/01/2015,14/05/2015,,Cameron University,17/08/2014,14/12/2014,07/01/2015,08/05/2015,,Campbellsville University,25/08/2014,13/12/2014,12/01/2015,09/05/2015,,Canada College,18/08/2014,19/12/2014,22/01/2015,01/06/2015,,Canisius College,25/08/2014,10/10/2014,12/01/2015,27/02/2015,,Cape Cod Community College,08/09/2015,11/12/2015,25/01/2016,09/05/2016,,Capital Community College,25/08/2015,23/12/2015,19/01/2016,01/06/2016,,Capital University,25/08/2014,11/12/2014,05/01/2015,21/04/2015,,Cardinal Stritch University,25/08/2014,08/12/2014,20/01/2015,11/05/2015,,Carl Sandburg College-Galesburg,17/08/2015,17/11/2015,11/01/2016,19/04/2016,,Carleton College,14/09/2015,18/11/2015,28/03/2016,01/06/2016,,Carlow University,07/07/2015,11/12/2015,11/05/2015,30/07/2015,,Carnegie-Mellon University,25/08/2014,05/12/2014,12/01/2015,02/03/2015,,Carroll College,25/08/2014,10/12/2014,20/01/2015,07/05/2015,,Carroll Community College,,,,,,Carson-Newman College,,,,,,Carthage College,03/09/2014,09/12/2014,04/02/2015,15/05/2015,,Case Western Reserve University,26/08/2014,05/12/2014,13/01/2015,27/04/2015,,Casper College,24/08/2014,18/12/2014,19/01/2015,13/05/2015,,Castleton State College,24/08/2015,11/12/2015,11/01/2016,29/04/2016,,Catawba College,20/08/2014,05/12/2014,13/01/2015,04/05/2015,,Catholic University Of America,25/08/2014,05/12/2014,12/01/2015,02/05/2015,,Cazenovia College,26/08/2014,08/12/2014,21/01/2015,04/05/2015,,Cecil College,27/07/2015,05/12/2015,04/01/2016,02/05/2016,,Cedar Crest College,25/08/2014,08/12/2014,20/01/2015,04/05/2015,,Cedar Valley College,25/08/2014,11/12/2014,20/01/2015,14/05/2015,,Cedarville University,01/08/2014,17/12/2014,05/01/2015,06/05/2015,,Centenary College,03/08/2015,"Dec 14-18, 2015",06/01/2016,22/04/2016,,Central Alabama Community College-Alex,18/08/2014,08/12/2014,12/01/2015,04/05/2015,,Central Arizona College-Signal Pea,15/08/2014,13/12/2014,16/01/2015,14/05/2015,,Central College,27/08/2014,"Dec 16-18, 2014",19/01/2015,"May 12-14, 2015",,Central Community College-Grand Island,18/08/2014,12/12/2014,12/01/2015,07/05/2015,,Central Connecticut State University,31/08/2015,23/12/2015,15/01/2016,31/05/2016,,Central Florida Community College-Ocala,,,,,,Central Georgia Tech College,16/08/2015,15/12/2015,05/01/2016,04/05/2016,,Central Maine Community College,02/09/2014,20/12/2014,20/01/2015,11/05/2015,,Central Methodist University,18/08/2014,05/12/2014,12/01/2015,01/05/2015,,Central Michigan University,31/08/2015,11/12/2015,12/01/2015,09/05/2015,,Central New Mexico Community College,,,,,,Central State University,17/08/2015,12/12/2015,11/01/2016,05/05/2016,,Central Texas College,24/08/2015,"Dec 7-11, 2015",20/01/2015,15/05/2015,,Central Washington University,24/09/2014,11/12/2014,31/03/2015,11/06/2015,,Centre College,01/09/2014,"Dec 8-12, 2014",04/02/2015,24/05/2015,,Century College,25/08/2014,18/12/2014,12/01/2015,14/05/2015,,Cerritos College,18/08/2014,19/12/2014,12/01/2015,22/05/2015,,Cerro Coso Community College-Indian Wel,23/08/2014,13/12/2014,17/01/2015,15/05/2015,,Chabot College,17/08/2015,"Dec 12-18, 2015",20/01/2015,29/05/2015,,Chadron State College,24/08/2015,18/12/2015,12/01/2015,09/05/2015,,Chaffey College,17/08/2015,18/12/2015,12/01/2015,20/05/2015,,Chaminade University,25/08/2014,11/12/2014,12/01/2015,07/05/2015,,Chandler Gilbert Community College,23/08/2014,19/12/2014,17/01/2015,15/05/2015,,Chapman University-Orange,02/09/2014,"Dec 15-20, 2014",02/02/2015,"May 22-24, 2015",,Charter Oak State College,,,,,,Chatham College,,,,,,Chattahoochee Tech College-Mariett,17/08/2015,12/12/2015,12/01/2015,09/05/2015,,Chattahoochee Valley Community College,,,,,,Chattanooga St Tech Community College,25/08/2014,10/12/2014,20/01/2015,06/05/2015,,Chemeketa Community College-Salem,,,,,,Chesapeake College,25/08/2014,"Dec 8-13, 2014",20/01/2015,"May 5-11, 2015",,Chestnut Hill College,24/08/2015,12/12/2015,18/01/2016,13/05/2016,,Cheyney University,,,,,,Chicago State University,25/08/2014,19/12/2014,17/12/2014,15/05/2015,,Chipola Junior College,,,,,,Christian Brothers University,25/08/2014,"Dec 15-19, 2014",12/01/2015,"May 6-11, 2015",,Christopher Newport University,25/08/2014,13/12/2014,07/01/2015,09/05/2015,,Cincinnati State Tech/Community College,25/08/2014,13/12/2014,12/01/2015,02/05/2015,,Citrus College,22/08/2014,13/12/2014,16/02/2015,13/06/2015,,City College Of New York,27/08/2015,23/12/2015,28/01/2015,24/05/2015,,City College Of San Francisco,17/08/2015,"Dec 19-20, 2015",12/01/2015,22/05/2015,,City University Of Seattle,,,,,,Clackamas Community College,28/09/2015,12/12/2015,28/03/2016,11/06/2016,,Claremont Graduate University,31/08/2015,19/12/2015,19/01/2016,14/05/2016,,Claremont Mckenna College,01/09/2015,"Dec 14-18, 2015",19/01/2016,14/05/2016,,Clarion University Of Pennsylvania,25/08/2014,12/12/2014,20/01/2015,08/05/2015,,Clark Atlanta University,20/08/2014,12/12/2014,14/01/2015,09/05/2015,,Clark College,21/09/2015,"Dec 7-10, 2015",04/04/2016,"June 13-16, 2016",,Clark State Community College,25/08/2014,12/12/2014,12/01/2015,08/05/2015,,Clarke College,21/09/2014,"Dec 7-10, 2014",04/04/2015,"June 13-16, 2015",,Clarkson University,25/08/2014,12/12/2014,08/01/2015,24/04/2015,,Clayton State University,,,,,,Clemson University,20/08/2014,"Dec 8-12, 2014",07/01/2015,"April 27 - May 1, 2015",,Clermont College,,,,,,Cleveland State University,23/08/2014,"Dec 8-13, 2014",,,,Cloud County Community College,13/08/2014,"Dec 8-13, 2014",21/01/2015,14/05/2015,,Clovis Community College,17/08/2014,04/12/2014,12/01/2015,08/05/2015,,Coastal Georgia Community College,,,,,,Coastline Community College,24/08/2014,14/12/2014,31/01/2015,31/05/2015,,Cochise College,16/05/2014,15/10/2014,05/01/2015,16/03/2015,,Coe College,31/08/2015,14/12/2015,11/01/2016,27/04/2016,,Coker College,21/08/2013,"Dec 7-12, 2013",15/01/2014,"May 8-13, 2014",,Colby College,09/09/2014,"Dec 16-21, 2014",,,,Colgate University,,,,,,College Of Alameda,18/08/2014,12/12/2014,20/01/2015,22/05/2015,,College Of Charleston,,,,,,College Of Lake County,24/08/2015,18/12/2015,20/01/2015,15/05/2015,,College Of Marin - Kentfield,17/08/2015,12/12/2015,,,,College Of Mount Saint Joseph,,,,,,College Of Mt St Vincent,,,,,,College Of Notre Dame Of Md,,,,,,College Of S Nevada - Cheyenne,24/08/2015,13/12/2015,,,,College Of Saint Benedict,25/08/2014,16/12/2014,12/01/2015,08/05/2015,,College Of Saint Elizabeth,22/08/2015,12/12/2015,16/01/2016,29/04/2016,,College Of Saint Rose,25/08/2014,12/12/2014,12/01/2015,06/05/2015,,College Of San Mateo,18/08/2014,19/12/2014,22/01/2015,"May 26-June 1, 2015",,College Of South Maryland-La Plata,,,,,,College Of Southern Idaho,24/08/2015,17/12/2015,19/01/2016,12/05/2016,,College Of St Scholastica,,,,,,College Of The Canyons,25/08/2014,13/12/2014,09/02/2015,04/06/2015,,College Of The Desert,31/08/2015,18/12/2015,01/02/2016,27/05/2016,,College Of The Holy Cross,02/09/2015,19/12/2015,26/01/2016,18/05/2016,,College Of The Ozarks,25/08/2014,24/10/2014,12/01/2015,13/03/2015,,College Of The Redwoods,23/08/2014,13/12/2014,17/01/2015,15/05/2015,,College Of The Sequoias,,,,,,College Of The Siskiyous-Weed,18/08/2014,18/12/2014,12/01/2015,21/05/2015,,College Of William & Mary,27/08/2014,"Dec 15-17, 2014",21/01/2015,"May 11-13, 2015",,College Of Wooster,20/08/2014,"Dec 8-11, 2014",12/01/2015,"May 4-7, 2015",,Collin Co Community College - Spring Creek,,,,,,Collin Co Community College District,,,,,,Colorado Christian University,25/08/2014,"Dec 15-19, 2014",12/01/2015,"May 4-8, 2015",,Colorado Mt College-Glenwood Spr,24/08/2015,11/12/2015,18/01/2016,06/05/2016,,Colorado School Of Mines,19/08/2014,12/12/2014,07/01/2015,08/05/2015,,Colorado State University - Pueblo,25/08/2014,"Dec 8-12, 2014",12/01/2015,02/05/2015,,Colorado State University-Ft Collins,,,,,,Colorado Tech University-Co Springs,04/10/2015,22/12/2015,05/04/2015,23/06/2015,,Columbia Basin College,21/09/2015,10/12/2015,04/04/2016,17/06/2016,,Columbia College,25/08/2014,13/12/2014,12/01/2015,02/05/2015,,Columbia College,25/08/2014,13/12/2014,12/01/2015,02/05/2015,,Columbia College,25/08/2014,13/12/2014,12/01/2015,02/05/2015,,Columbia College,25/08/2014,13/12/2014,12/01/2015,02/05/2015,,Columbia State Community College,25/08/2014,05/12/2014,20/01/2015,01/05/2015,,Columbia University,02/09/2014,08/12/2014,20/01/2015,04/05/2015,,Columbus State Community College,,,12/01/2015,09/05/2015,,Columbus State University,18/08/2014,08/12/2014,12/01/2015,04/05/2015,,Columbus Technical College,,,,,,Community College Of Allegheny-Alleghen,31/08/2015,07/12/2015,12/01/2015,"May 4-5, 2015",,Community College Of Aurora,24/08/2015,12/12/2015,19/01/2016,09/05/2016,,Community College Of Baltimore County,27/08/2014,09/12/2014,02/02/2015,16/05/2015,,Community College Of Denver-Auraria,17/08/2015,07/12/2015,19/01/2016,09/05/2016,,Community College Of Philadelphia,08/09/2015,19/12/2015,12/01/2015,30/04/2015,,Community College Of Rhode Island-Knigh,02/09/2014,22/12/2014,20/01/2015,"May 5-8, 2015",,Concordia College,,,,,,Concordia College-Moorhead,,,,,,Concordia University,08/09/2015,22/12/2015,,,,Concordia University System,,,,,,Connecticut College,28/08/2014,10/12/2014,20/01/2015,07/05/2015,,Contra Costa College,15/08/2015,18/12/2015,22/01/2016,27/05/2016,,Converse College,24/08/2015,03/12/2015,03/02/2016,05/05/2016,,Coppin State University,24/08/2015,17/12/2015,26/01/2015,15/05/2015,,Cornell University,26/08/2014,05/12/2014,21/01/2015,06/05/2015,,Cornerstone University,09/09/2015,11/12/2015,25/01/2016,29/04/2016,,Corning Community College,24/08/2015,12/12/2015,19/01/2016,07/05/2016,,Cossatot Community College-The University Ar,,,,,,Cosumnes River College,22/08/2015,17/12/2015,16/01/2016,18/05/2016,,Cowley College,18/08/2015,"Dec 14-18, 2015",14/01/2016,"May 10-16, 2016",,Crafton Hills College,18/08/2015,18/12/2015,12/01/2015,21/05/2015,,Creighton University,25/08/2014,05/12/2014,15/01/2015,24/04/2015,,Cuesta College-Sn Luis Obispo,17/08/2015,18/12/2015,20/01/2015,22/05/2015,,Cumberland University,27/08/2014,04/12/2014,12/01/2015,30/04/2015,,Curry College,02/09/2014,15/12/2014,20/01/2015,05/05/2015,,Cuyahoga Community College - Metro,24/08/2015,15/12/2015,19/01/2016,15/05/2016,,Cuyamaca College,18/08/2014,15/12/2014,26/01/2015,01/06/2015,,Cypress College,25/08/2014,13/12/2014,26/01/2015,23/05/2015,,D'Youville College,,,,,,Dakota Wesleyan University,24/08/2015,"Dec 14-16, 2015",11/01/2016,"May 4-6, 2016",,Dallas Christian College,04/08/2014,08/12/2014,12/01/2015,08/05/2015,,Dallas Co Cmty Clg Dist Sys,25/08/2014,11/12/2014,20/01/2015,14/05/2015,,Dana College,23/08/2010,06/12/2010,27/01/2011,13/05/2011,,Daniel Webster College,02/09/2014,12/12/2014,13/01/2015,28/04/2015,,Davis College,24/08/2015,06/11/2015,22/02/2016,06/05/2016,,Davis College,24/08/2015,06/11/2015,22/02/2016,06/05/2016,,Delaware State University,25/08/2014,"Dec 8-12, 2014",12/01/2015,29/05/2015,,Delaware Technical And Community College-Owens,,,,,,Delaware Technical And Community College-Stanton-Wilmington,,,,,,Devry University-Arizona,31/08/2015,20/12/2015,04/01/2016,24/04/2016,,Devry University-California,31/08/2015,20/12/2015,04/01/2016,24/04/2016,,Devry University-Columbus,31/08/2015,20/12/2015,04/01/2016,24/04/2016,,Devry University-Georgia,31/08/2015,20/12/2015,04/01/2016,24/04/2016,,Devry University-Henderson Ctr,31/08/2015,20/12/2015,04/01/2016,24/04/2016,,Devry University-Irving,31/08/2015,20/12/2015,04/01/2016,24/04/2016,,Devry University-Maryland,31/08/2015,20/12/2015,04/01/2016,24/04/2016,,Devry University-Miramar,31/08/2015,20/12/2015,04/01/2016,24/04/2016,,Devry University-Missouri,31/08/2015,20/12/2015,04/01/2016,24/04/2016,,Devry University-N Brunswick,31/08/2015,20/12/2015,04/01/2016,24/04/2016,,Devry University-North Carolina,31/08/2015,20/12/2015,04/01/2016,24/04/2016,,Devry University-Portland,31/08/2015,20/12/2015,04/01/2016,24/04/2016,,Devry University-Seattle,31/08/2015,20/12/2015,04/01/2016,24/04/2016,,Devry University-St Louis Park,31/08/2015,20/12/2015,04/01/2016,24/04/2016,,Devry University-Wisconsin,31/08/2015,20/12/2015,04/01/2016,24/04/2016,,Dillard University,24/08/2015,04/12/2015,11/01/2016,18/04/2016,,Dine College-Tsaile,18/08/2014,05/12/2014,12/01/2015,01/05/2016,,Doane College-Crete,24/08/2015,"Dec 7-11, 2015",19/01/2016,"May 2-5, 2016",,Dodge City Community College,,,,,,Dominican School Of Philosophy And Theology,02/09/2014,07/11/2014,02/02/2015,12/06/2015,,Dominican University Of Ca-San Rafae,25/08/2014,05/12/2014,20/01/2015,05/05/2015,,Donnelly College,17/08/2015,09/12/2015,19/01/2016,11/05/2016,,Dunwoody College Of Technology,17/08/2015,18/12/2015,06/01/2016,13/05/2016,,Dyersburg State Community College,25/08/2014,08/12/2014,20/01/2015,04/05/2015,,Daemen College,02/09/2014,12/12/2014,21/01/2015,08/05/2015,,Dakota County Technical College,26/08/2013,20/12/2013,13/01/2014,20/05/2014,,Dakota State University,25/08/2014,17/12/2014,12/01/2015,08/05/2015,,Dallas Baptist University,25/08/2014,18/12/2014,20/01/2015,15/05/2015,,Dalton State College,17/08/2015,"Dec 8-14, 2015",06/01/2016,"April 28 - May 4, 2016",,Danville Area Community College,24/08/2015,"Dec 14-18, 2015",19/01/2016,"May 12-18, 2016",,Dartmouth College,15/09/2014,26/11/2014,30/03/2015,14/06/2015,,Darton College,,,,,,Davenport University-Lettinga,31/08/2015,19/12/2015,,,,Davidson College,24/08/2015,09/12/2015,26/02/2016,04/05/2016,,De Anza College,22/09/2014,12/12/2014,06/04/2015,26/06/2015,,Dean College,02/09/2014,11/12/2014,20/01/2015,"May 4-7, 2015",,Defiance College,24/08/2015,"Dec 7-11, 2015",11/01/2016,"April 28 - May4, 2016",,Dekalb Tech College-Clarkston,,,,,,Del Mar College,25/08/2014,10/12/2014,20/01/2015,14/05/2015,,Delaware County Community College,,,,,,Delaware Tech & Community College-Terry,,,,,,Delaware Valley College,26/08/2014,"Dec 9-14, 2014",20/01/2015,"May 7-14, 2015",,Delgado Community College,11/08/2014,11/12/2014,12/01/2015,14/05/2015,,Delta College,23/08/2014,14/12/2014,11/05/2015,20/08/2015,,Delta State University,17/08/2015,"Dec 7-11, 2015",11/01/2016,"May 2-6, 2016",,Denison University,27/08/2015,"Dec 17-18, 2015",18/01/2016,"May 9-10, 2016",,Denmark Technical College,18/08/2014,"Dec 8-11, 2014",07/01/2015,"April 27-30, 2015",,Depaul University - Lincoln Park,,,,,,Depaul University-Chicago Loop,,,,,,Depauw University,27/08/2014,12/12/2014,26/01/2015,07/08/2015,,Des Moines Area Community College,20/08/2015,10/12/2015,,,,Desales University,26/08/2015,19/12/2015,13/01/2015,09/05/2015,,Diablo Valley College,12/01/2015,20/05/2015,,,,Dickinson College,31/08/2015,11/12/2015,25/01/2016,06/05/2016,,Dickinson State University,24/08/2015,18/12/2015,11/01/2016,14/05/2016,,Digipen Institute Of Technology,31/08/2015,11/12/2015,04/01/2016,22/04/2016,,Dixie State College Of Utah,,,,,,Dominican College,21/08/2015,"Dec 14-18, 2015",04/01/2016,"May 9-13, 2016",,Dominican University,,,,,,Dordt College,26/08/2014,"Dec 15-18, 2014",13/01/2015,08/05/2015,,Dowling College,02/09/2014,20/12/2014,26/01/2015,12/05/2015,,Drake University,24/08/2015,03/12/2015,19/01/2016,28/04/2016,,Drexel University,,,,,,Drury University,"Sept 7-10, 2015","Nov 30-Dec 2, 2015","Feb 15-18, 2016","May 9-11, 2016",,Duke University,24/08/2015,13/12/2015,13/01/2016,07/05/2016,,Duquesne University,24/08/2015,22/12/2015,11/01/2016,05/06/2016,,Dutchess Community College,25/08/2014,"Dec 15-17, 2014",20/01/2015,"May 7-18, 2015",,East Central Community College,18/08/2014,"Dec 8-11, 2014",07/01/2015,08/05/2015,,East Central Technical College,,,,,,East Mississippi Community College,18/08/2014,"Dec 10-12, 2014",07/01/2015,"May 5-7, 2015",,Eastern Idaho Technical College,,,,,,Eastern Maine Community College,31/08/2015,18/12/2015,19/01/2016,13/05/2016,,Eastern Mennonite University,01/09/2015,18/12/2015,11/01/2016,29/04/2016,,Eastern Nazarene College,03/09/2014,"Dec 12-17, 2014",14/01/2015,"May 4-8, 2015",,Eastern New Mexico University-Roswell Campus,,,,,,Eastern New Mexico University-Ruidoso,,,,,,Eastern West Virginia Community And Technical College,17/08/2015,"Dec 7-11, 2015",19/01/2016,"May 9-13, 2016",,Eastern Wyoming College,25/08/2014,12/12/2014,12/01/2015,08/05/2015,,Ecpi Technical Clg-Richmond,,,,,,Edgecombe Community College,21/08/2014,18/12/2014,08/01/2015,06/05/2015,,Edward Waters College,18/08/2014,"Dec 8-12, 2014",08/01/2015,08/05/2015,,El Paso Cmty Clg-Miss Del Paso,,,,,,Eldon Career Center,,,,,,Ellsworth Community College,,,,,,Embry Riddle Aeronautical University-Prescott,24/08/2015,"Dec 5, 7-10, 2015",13/01/2016,"April 30, May 2-5, 2016",,Emily Griffith Opportunity School,,,,,,Emmanuel College,02/09/2015,"Dec 10-14, 2015",20/01/2016,"May 5-9, 2016",,Erskine College And Seminary,,,,,,Eti Technical College,,,,,,Eugene Bible College,,,,,,Everest College-Alhambra,,,,,,Everest College-Arlington,,,,,,Everest College-Aurora,,,,,,Everest College-City Of Industry,,,,,,Everest College-Gardena,,,,,,Everest College-Hayward,,,,,,Everest College-Merrillville,,,,,,Everest College-Phoenix,,,,,,Everest College-Renton,,,,,,Everest College-Salt Lake,,,,,,Everest College-San Jose,,,,,,Everest College-Springfield,,,,,,Everest College-Vancouver,,,,,,Everest College-West Los Angeles,,,,,,Everest Institute-Atlanta Downtown,,,,,,Everest Institute-Chesapeake,,,,,,Everest Institute-Grand Rapids,,,,,,Everest Institute-San Antonio,,,,,,East Arkansas Community College,25/08/2014,08/12/2014,12/01/2015,27/04/2015,,East Carolina University,26/08/2014,18/12/2014,12/01/2015,07/05/2015,,East Central College,17/08/2015,"Dec 14-15, 2015",04/01/2015,"May 11-14, 2015",,East Central University,,,,,,East Georgia College,,,,,,East Los Angeles College,31/08/2015,20/12/2015,09/02/2015,07/06/2015,,East Stroudsburg University,25/08/2014,12/12/2014,20/01/2015,09/05/2015,,East Tennessee State University,25/08/2014,"Dec 5-12, 2014",20/01/2015,"May 1-8, 2015",,East Texas Baptist University,25/08/2014,"Dec 15-18, 2014",07/01/2015,"April 27-30, 2015",,Eastern Arizona College,17/08/2015,"Dec 7-10, 2015",06/01/2016,"May 2-5, 2016",,Eastern Connecticut State University,28/08/2014,17/12/2014,12/01/2015,09/05/2015,,Eastern Illinois University,24/08/2015,11/12/2015,10/10/2015,14/03/2015,,Eastern Iowa Community College Dist Off,,,,,,Eastern Kentucky University,02/03/2015,30/08/2015,12/01/2015,06/02/2015,,Eastern Michigan University,,,,,,Eastern New Mexico University,,,,,,Eastern Oklahoma State College,10/08/2015,04/12/2015,11/01/2015,06/05/2015,,Eastern Oregon University,,,,,,Eastern University,,,,,,Eastern Washington University,24/09/2015,05/12/2015,30/03/2015,05/06/2015,,Eastfield College,31/08/2015,19/11/2015,20/01/2015,14/04/2015,,Eckerd College,08/08/2015,04/12/2015,05/01/2015,13/05/2015,,Edgewood College,,,,,,Edinboro University Of Pennsylvania,24/08/2015,30/10/2015,19/01/2015,02/05/2015,,Edison College-Lee County,24/08/2015,04/12/2015,07/01/2015,27/04/2015,,Edison Community College,,,,,,Edmonds Community College,,,,,,El Camino College,,,,,,El Camino College - Compton Center,22/08/2015,16/10/2015,16/01/2015,11/03/2015,,El Centro College,31/08/2015,19/11/2015,20/01/2015,14/04/2015,,El Paso Community College - Transmtn,,,,,,El Paso Community College-Valle Verde,,,,,,Elizabeth City State University,,,,,,Elizabethtown College,03/08/2015,27/12/2015,04/01/2015,29/05/2015,,Elizabethtown Community/Tech College,16/08/2015,16/12/2015,09/01/2015,03/05/2015,,Elmhurst College,31/08/2015,12/12/2015,01/02/2015,14/05/2015,,Elmira College,,,,,,Elms College,,,,,,Embry-Riddle Aero University-Daytona,,,,,,Emerson College,02/09/2015,24/11/2015,11/01/2015,26/04/2015,,Emmanuel College,,,,,,Emory University,,,,,,Emory And Henry College,,,,,,Emporia State University,17/08/2015,15/10/2015,,,,Endicott College,01/09/2015,11/12/2015,04/01/2015,06/05/2015,,Enterprise-Ozark Community College,,,,,,Essex County College-Newark,,,,,,Estrella Mountain Community College,,,,,,Eureka College,26/08/2015,26/10/2015,20/01/2015,06/05/2015,,Evangel University,,,,,,Everett Community College,15/08/2015,30/10/2015,04/01/2015,30/05/2015,,Evergreen Valley College,31/08/2015,12/10/2015,13/01/2015,30/04/2015,,Fairleigh Dickinson University-Metropolitan Campus,24/08/2015,30/10/2015,25/01/2015,07/05/2015,,Fairmont State Clg-Clarksburg,,,,,,Feather River Community College District,,,,,,Fine Mortuary College Llc,31/08/2015,05/11/2015,02/03/2015,07/05/2015,,First Coast Technical Institute,,,,,,Fisk University,18/08/2014,12/12/2014,05/01/2015,02/05/2015,,Fl Metropolitan Univ-Tampa,,,,,,Flathead Valley Community College,28/08/2014,18/12/2014,19/01/2015,14/05/2015,,Flint Hills Technical College,12/08/2015,30/10/2015,11/01/2015,20/05/2015,,Florence-Darlington Technical College,12/08/2015,12/10/2015,07/01/2015,14/03/2015,,Florida Career Clg-Miami,,,,,,Florida Christian College Inc,,,,,,Florida College,20/08/2015,15/10/2015,12/01/2015,14/03/2015,,Florida Keys Community College,21/08/2014,10/12/2014,09/01/2015,04/05/2015,,Florida National College-South,02/09/2014,18/12/2014,,,,Florida Tech College-Orlando,,,,,,Florida Technical College Of Jacksonville Inc,,,,,,Fort Berthold Community College,25/08/2014,"Dec 15-19, 2014",12/01/2015,"May 11-15, 2015",,Fort Peck Community College,02/09/2014,"Dec 15-19, 2014",20/01/2015,"May 11-15, 2015",,Frank Phillips College,25/08/2014,16/12/2014,20/01/2015,12/05/2015,,Free Will Baptist Bible College,,,,,,Fulton-Montgomery Community College,,,,,,Fairfield University,18/06/2014,19/12/2014,20/01/2015,08/05/2015,,Farmingdale State College,25/08/2014,20/12/2014,23/01/2015,15/05/2015,,Fashion Institute Of Technology,25/08/2014,20/12/2014,26/01/2015,18/05/2015,,Faulkner State Community College-Bay M,18/08/2014,12/12/2014,07/01/2015,08/05/2015,,Faulkner University,18/08/2014,"Dec 5-12, 2014",07/01/2015,"April 24-30, 2015",,Fayetteville State University,19/08/2014,12/12/2014,10/01/2015,08/05/2015,,Fayetteville Tech Community College,18/08/2014,13/12/2014,12/01/2015,13/05/2015,,Felician College,26/08/2015,"Dec 9-15, 2015",14/01/2015,"May 6-12, 2015",,Ferris State University,31/08/2015,18/12/2015,12/01/2015,08/05/2015,,Ferrum College,01/09/2014,"Dec 10-15, 2014",12/01/2015,"April 27 - May 1, 2015",,Fisher College,08/09/2015,06/11/2015,04/04/2016,24/06/2016,,Fitchburg State University,03/09/2015,18/12/2015,20/01/2016,19/05/2016,,Flagler College,27/08/2015,10/12/2015,11/01/2016,28/04/2016,,Florida Agricultural And Mechanical University,11/08/2014,12/12/2014,05/01/2015,08/05/2015,,"Florida Atlantic University, Boca Raton",18/08/2014,12/12/2014,05/01/2015,01/05/2015,,Florida Community College - Martin Ctr,,,,,,Florida Gulf Coast University,19/08/2015,11/12/2015,05/01/2015,03/05/2015,,Florida Hospital College Health Sci,,,,,,Florida Institute Of Tech,17/08/2014,09/12/2014,11/01/2015,06/05/2015,,Florida International University-Miami,25/08/2014,13/12/2014,12/01/2015,02/05/2015,,Florida Memorial University,17/08/2015,12/12/2015,11/01/2016,07/05/2016,,Florida National College,02/09/2014,18/12/2014,,,,Florida Southern College,26/08/2015,19/12/2015,13/01/2016,07/05/2016,,Florida State University,02/03/2014,17/12/2014,"Sept. 29, 2014",15/05/2015,,Folsom Lake College,21/09/2015,11/12/2015,"january 16,2015",18/05/2015,,Fond Du Lac Tribal & Community College,"August 25,2014",01/01/2014,"January 12,2015","May 25,2015",,Fontbonne University,14/08/2015,18/12/2018,08/01/2015,18/05/2015,,Foothill College,,,,,,"Fordham University, Rose Hill",30/08/2015,24/12/2015,04/01/2016,30/05/2016,,Forsyth Technical Community College,,,,,,Fort Hays State University,05/08/2015,11/12/2015,07/01/2015,15/05/2015,,Fort Lewis College,30/08/2015,18/12/2015,10/01/2016,29/04/2016,,Fort Valley State University,,,,,,Fox Valley Tech College-Appleton,31/08/2015,22/12/2015,18/01/2016,18/05/2016,,Framingham State College,02/09/2015,23/12/2015,03/11/2015,08/05/2016,,Franciscan University,25/08/2015,12/085/2015,1/185/2016,13/05/2016,,Franklin College,31/08/2015,11/12/2015,03/02/2016,13/05/2016,,Franklin Pierce University,01/09/2015,11/12/2015,20/01/2016,06/05/2016,,Franklin University,24/08/2015,04/12/2015,18/01/2016,06/05/2016,,Franklin And Marshall College,02/08/2015,11/12/2015,12/01/2016,21/04/2016,,Frederick Community College,24/08/2015,12/12/2015,26/01/2016,16/05/2016,,Freed-Hardeman University,,,,,,Fresno City College,12/01/2015,22/05/2015,N/a,N/a,,Fresno Pacific University,,,,,,Friends University,,,,,,Front Range Community College,24/08/2015,14/12/2015,20/01/2015,11/05/2015,,Frostburg State University,,,,,,Ft Scott Community College,01/07/2015,04/12/2015,11/01/2016,13/05/2016,,Fuller Theological Seminary,N/A,N/A,23/02/2015,12/06/2015,,Fullerton College,"August 22,2014","December 24 - Jan 1,2014-15","January 19,2015","May 25,2015",,Furman University,N/A,N/A,,,,Gadsden St Cmty Clg-Ayers,N/A,N/A,,,,Gadsden St Cmty Clg-Valley St,,,,,,Galveston College,"April 14,2014","December 17,2014","November 17,2014","May 15,2015",,Garrett College,"Friday, 29 August 2014","Friday, 18 December 2015","Monday, 11 January 2016","Monday, 30 May 2016",,Gateway Community And Technical College,N/A,N/A,,,,George C Wallace State Community College-Hanceville,N/A,N/A,,,,George C Wallace State Community College-Selma,N/A,N/A,,,,Georgia Military College-Milledgeville Campus,01/08/2015,29/09/2015,,,,Glen Oaks Community College,24/08/2015,11/12/2015,18/05/2015,06/08/2015,,Globe Institute Of Technology,,,,,,Gogebic Community College,24/08/2015,04/12/2015,11/01/2016,06/05/2016,,Goshen College,25/08/2015,07/12/2015,06/01/2016,15/04/2016,,Grace Bible College,30/07/2015,03/12/2015,,,,Grace University,,,,,,Graceland University,01/09/2015,11/12/2015,05/01/2015,08/05/2015,,Grays Harbor College,N/A,N/A,02/04/2015,10/06/2015,,Grayson County College,"Aug 25,2014","Jun 2,2014","Jun 5,2015","Jun 2,2015",,Great Lakes Christian College,"August 19,2015","December 16-18,2015",,,,Green Mountain College,"August 28 (Fr.),2015","December 19 (Sat.),2015","January 17 (Sun.),2016","May 14 (Sat.),2016",,Greensboro College,19/08/2015,08/12/2015,11/01/2016,26/04/2016,,Greenville Technical College,N/A,N/A,,,,Grinnell College,N/A,N/A,,,,Grossmont-Cuyamaca Clg Dist,17/08/2015,14/12/2015,25/01/2016,28/05/2016,,Gwynedd Mercy College,N/A,N/A,07/01/2015,05/05/2015,,Gainesville College,N/A,N/A,,,,Gallaudet University,,,20/01/2015,09/05/2015,,Gannon University,19/08/2015,18/12/2015,11/01/2016,06/05/2016,,Garden City Community College,17/08/2015,11/12/2015,11/01/2016,13/05/2016,,Gardner-Webb University,,,,,,Gaston College,24/08/2015,18/12/2015,12/01/2015,14/05/2015,,Gateway Community College,22/08/2015,18/12/2015,17/01/2015,15/05/2015,,Gateway Community College-Longwharf,,,,,,Gateway Technical College,,,,,,Gavilan College,31/08/2015,18/12/2015,01/02/2016,27/05/2016,,Genesee Community College,24/08/2015,11/12/2015,19/01/2016,14/05/2016,,Geneva College,31/08/2015,14/12/2015,11/01/2016,05/05/2016,,George Fox University,31/08/2015,18/12/2015,11/01/2016,29/04/2016,,George Mason University,31/08/2015,12/12/2015,N/A,N/A,,George Washington University,31/08/2015,12/12/2015,11/01/2016,25/04/2016,,Georgetown College,N/A,N/A,N/A,N/A,,Georgetown University,,,,,,Georgia College And State University,17/08/2015,07/12/2015,11/01/2016,02/05/2016,,Georgia Gwinnett College,17/08/2015,05/12/2015,11/01/2016,03/05/2016,,Georgia Highlands College,15/08/2015,07/12/2015,09/01/2016,02/05/2016,,Georgia Institute Of Technology,17/08/2015,12/12/2015,11/01/2016,07/05/2016,,Georgia Perimeter College,17/08/2015,01/12/2015,11/01/2016,28/04/2016,,Georgia Southern University,10/08/2015,04/12/2015,11/01/2016,29/04/2016,,Georgia Southwestern State University,19/08/2015,04/12/2015,N/A,N/A,,Georgia State University,24/08/2015,07/12/2015,11/01/2016,25/04/2016,,Georgian Court University,24/08/2015,16/12/2015,18/01/2016,20/05/2016,,Germanna Community College-Locust Grove,,,,,,Gettysburg College,31/08/2015,11/12/2015,18/01/2016,29/04/2016,,Gillette College,24/08/2015,14/12/2015,19/01/2016,09/05/2016,,Glendale Community College,31/08/2015,16/12/2015,16/02/2016,08/06/2016,,Glendale Community College,31/08/2015,16/12/2015,16/02/2016,08/06/2016,,Glenville State College,17/08/2015,04/12/2015,11/01/2016,29/04/2016,,Gloucester County College,02/09/2015,19/12/2015,N/A,N/A,,Golden Gate University,30/08/2015,19/12/2015,06/01/2016,26/04/2016,,Golden West College,23/08/2015,13/12/2015,30/01/2016,29/05/2016,,Goldey Beacom College,24/08/2015,12/12/2015,18/01/2016,07/05/2016,,Gonzaga University,31/08/2015,18/12/2015,12/01/2016,06/05/2016,,Gordon College,26/08/2015,10/12/2015,13/01/2016,04/05/2016,,Gordon College,27/08/2015,11/12/2015,14/01/2016,05/05/2016,,Goucher College,31/08/2015,11/12/2015,25/01/2016,06/05/2016,,Governors State University,10/08/2015,06/12/2015,19/01/2016,08/05/2016,,Graceland University,01/09/2015,11/12/2015,11/01/2016,23/04/2016,,Grambling State University,24/08/2015,18/12/2015,11/01/2016,13/05/2016,,Grand Canyon University,24/08/2015,13/12/2015,04/01/2016,24/04/2016,,Grand Valley St University - Allendale,31/08/2015,12/12/2015,N/A,N/A,,Grand Valley St University - Meijer,31/08/2015,12/12/2015,N/A,N/A,,Grand Valley State University,31/08/2015,12/12/2015,N/A,N/A,,Grand View College,24/08/2015,04/12/2015,11/01/2016,22/04/2016,,Granite State College,07/09/2015,04/12/2015,04/04/2016,24/06/2016,,Great Basin College,N/A,N/A,N/A,N/A,,Greenfield Community College,02/09/2015,16/12/2015,27/01/2016,16/05/2016,,Griffin Technical College,,,,,,Grossmont College,17/08/2015,14/12/2015,25/01/2016,28/05/2016,,Grove City College,N/A,N/A,N/A,N/A,,Guilford College,N/A,N/A,N/A,N/A,,Gulf Coast Community College-Main,24/08/2015,18/12/2015,06/01/2016,05/05/2016,,Gustavus Adolphus College,08/09/2015,21/12/2015,06/02/2016,23/05/2016,,Gwinnett Technical College,N/A,N/A,N/A,N/A,,Halifax Community College,17/08/2015,16/12/2015,N/A,N/A,,Hallmark College Of Technology/Hallmark College Of Aeronautics,,,,,,Hampshire College,09/09/2015,11/12/2015,20/01/2016,29/04/2016,,Hannibal-Lagrange College,,,,,,Hanover College,07/09/2015,11/12/2015,02/05/2016,27/05/2016,,Harcum College,31/08/2015,18/12/2015,18/01/2016,06/05/2016,,Harrisburg Area Community College-Lebanon,,,1/19//2016,02/05/2016,,Harvey Mudd College,01/09/2015,11/12/2015,19/01/2016,29/04/2016,,Haskell Indian Nations University,19/08/2015,04/12/2015,06/01/2016,29/04/2016,,Haywood Community College,17/08/2015,15/12/2015,11/01/2016,10/05/2016,,Hazard Cmty/Tech College,17/08/2015,05/12/2015,11/01/2016,30/04/2016,,Hcc North East-No Line Mall Ct,,,,,,Heald College-Concord,,,,,,Heald College-Fresno,,,,,,Heald College-Hayward,,,,,,Heald College-Honolulu,,,,,,Heald College-Portland,,,,,,Heald College-Roseville,,,,,,Heald College-Salinas,,,,,,Heald College-San Francisco,,,,,,Heald College-San Jose,,,,,,Heald College-Stockton,,,,,,Hellenic College-Holy Cross Greek Orthodox School Of Theology,,,,,,Heritage Bible College,,,,,,Herzing Clg-Lakeland Med-Dent,,,,,,Hesston College,17/08/2015,10/12/2015,06/01/2016,05/05/2016,,Hibbing Community College-A Technical And Community College,,,,,,High-Tech Institute-Las Vegas,24/08/2015,21/12/2015,11/01/2016,N/A,,Hill College-Hillsboro,24/08/2015,10/12/2015,19/01/2016,12/05/2016,,Hillsdale Free Will Baptist College,,,,,,Hiwassee College,17/08/2015,10/12/2015,12/01/2016,12/05/2016,,Hobe Sound Bible College,27/08/2015,15/12/2015,05/01/2016,13/05/2016,,Hocking College-Nelsonville,,,,,,Hollins University,,,,,,Holmes Community College,,,,,,Holy Names University,26/08/2015,04/12/2015,11/01/2016,02/05/2016,,Hope International University,,,,,,Howard College-Big Spring,24/08/2015,11/12/2015,19/01/2016,13/05/2016,,Humphreys College-Stockton,,,,,,Hutchinson Community College,19/08/2015,11/12/2015,11/01/2016,06/05/2016,,Hagerstown Community College,26/08/2015,15/12/2015,12/01/2016,05/05/2016,,Hamilton College,27/08/2015,11/12/2015,19/01/2016,09/05/2016,,Hamline University,09/09/2015,11/12/2015,03/02/2016,13/05/2016,,Hampden-Sydney College,26/08/2015,08/12/2015,13/01/2016,26/04/2016,,Hampton University,31/08/2015,10/12/2015,04/01/2016,21/04/2016,,Hardin-Simmons University,,,,,,Harding University,24/08/2015,11/12/2015,11/01/2016,25/05/2016,,Harford Community College,31/08/2015,15/12/2015,27/01/2016,21/05/2016,,Harris-Stowe State University,,,,,,Harry South Truman College,,,,,,Hartnell College,18/08/2015,19/12/2015,21/01/2016,21/05/2016,,Harvard University,02/09/2015,22/12/2015,25/01/2016,26/05/2016,,Hastings College,24/08/2015,04/12/2015,27/01/2016,06/05/2016,,Haverford College,31/08/2015,18/12/2015,18/01/2016,13/05/2016,,Hawaii Community College-Hilo,24/08/2015,10/12/2015,11/01/2016,04/05/2016,,Hawaii Pacific University,31/08/2016,13/12/2015,19/01/2016,08/05/2016,,Hawkeye Community College,24/08/2015,17/12/2015,11/01/2016,11/05/2016,,Heidelberg College-Tiffin,,,,,,Henderson Community College,17/08/2015,###############################################################################################################################################################################################################################################################,11/01/2016,08/05/2016,,Henderson State University,24/08/2015,18/12/2105,20/01/2016,13/05/2016,,Hendrix College,,,,,,Hennepin Tech College-Brooklyn,,,,,,Henry Ford Community College,27/08/2015,20/12/2015,10/05/2016,27/06/2016,,Herbert H Lehman College,27/08/2015,14/12/2015,29/01/2016,21/05/2016,,Herkimer County Community College,,,,,,High Point University,,,,,,Highland Community College,,,,,,Highland Community College,,,,,,Highline Community College,,,,,,Hilbert College,,,,,,Hillsborough Community College Dist Off,,,,,,Hinds Community College-Raymond,,,,,,Hiram College,,,,,,Hobart & William Smith Clgs,,,,,,Hofstra University,,,,,,Holy Family University,,,,,,Holyoke Community College,,,,,,Honolulu Community College,,,,,,Hood College,,,,,,Hope College,,,,,,Hopkinsville Community College,,,,,,Houghton College,,,,,,Housatonic Community College,,,,,,Houston Baptist University,,,,,,Houston Community College System,,,,,,Howard Community College,,,,,,Howard Payne University,,,,,,Howard University,,,,,,Hudson County Community College - Jersey,,,,,,Hudson Valley Community College,,,,,,Humboldt State University,,,,,,Huntingdon College,,,,,,Husson College,,,,,,Iliff School Of Theology,,,,,,Ilisagvik College,,,,,,Illinois Eastern Cmty Clg Sys,,,,,,Immanuel Lutheran College,,,,,,Independence Community College,,,,,,Indian Capital Technology Center-Tahlequah,,,,,,Indiana Business College-Anderson,,,,,,Indiana Business College-Columbus,,,,,,Indiana Business College-Evansville,,,,,,Indiana Business College-Ft Wayne,,,,,,Indiana Business College-Indianapolis,,,,,,Indiana Business College-Lafayette,,,,,,Indiana Business College-Marion,,,,,,Indiana Business College-Medical,,,,,,Indiana Business College-Muncie,,,,,,Indiana Business College-Terre Haute,,,,,,Indiana University-Southeast,,,,,,Institute Of American Indian And Alaska Native Culture,,,,,,International Academy Of Design And Technology,,,,,,Iowa Lakes Cmty Clg-Esthervlle,,,,,,Iowa Wesleyan College,,,,,,Isothermal Community College,,,,,,Itasca Community College,,,,,,Iverson Business School And Court Reporting,,,,,,Ivy Tech Cmty Clg Ctrl Office,,,,,,Ivy Tech Community College-Bloominton,,,,,,Ivy Tech Community College-Columbus,,,,,,Ivy Tech Community College-East Central,,,,,,Ivy Tech Community College-Kokomo,,,,,,Ivy Tech Community College-Lafayette,,,,,,Ivy Tech Community College-Northcentral,,,,,,Ivy Tech Community College-Northeast,,,,,,Ivy Tech Community College-Northwest,,,,,,Ivy Tech Community College-South Central,,,,,,Ivy Tech Community College-Southeast,,,,,,Ivy Tech Community College-Southwest,,,,,,Ivy Tech Community College-Wabash Valley,,,,,,Ivy Tech Community College-Whitewater,,,,,,Idaho State University-Pocatello,,,,,,Illinois Central College-East Peoria,,,,,,Illinois Institute Of Technology,,,,,,Illinois State University,,,,,,Illinois Valley Community College,,,,,,Illinois Wesleyan University,,,,,,Immaculata University,,,,,,Imperial Valley College,,,,,,Indian Hills Community College,,,,,,Indian River Community College-Main,,,,,,Indiana State University,,,,,,Indiana Tech,,,,,,Indiana Univ/Purdue Univ At In,,,,,,Indiana University,,,,,,Indiana University Northwest,,,,,,Indiana University Purdue - Fort Wayne,,,,,,Indiana University Of Pennsylvania,,,,,,Inver Hills Community College,,,,,,Iowa Central Community College,,,,,,Iowa Lakes Community College Office,,,,,,Iowa State University,,,,,,Iowa Western Community College,,,,,,Iowa Western Community College,,,,,,Irvine Valley College,,,,,,Itawamba Community College-Fulton,,,,,,Ithaca College,,,,,,Ivy Tech Cmty Clg - Indianapolis,,,,,,J F Drake State Technical College,18/08/2014,12/12/2014,08/01/2015,08/05/2915,,J South Reynolds Community College,24-Aug-15,19-Dec-15,11-Jan-16,09-May-16,,Jacksonville College-Main Campus,20-Aug,11-Dec,14-Jan,08-May,,James A Rhodes State College,,,,,,James Sprunt Community College,17-Aug,14-Dec,08/01/2015,06-May,,Jamestown Cmty Clg-Jamestown,24/08/2015,17/12/2015,19-Jan,19-May,,Jarvis Christian College,August 25/2014,Dec 12/14,January 12/2015,May 1/2015,,Jefferson Cmty Tech Clg-Sw,,,,,,Jefferson College Of Health Sciences,Aug. 17/2015,Dec. 12/2015,Jan. 11/2016,May. 7/2016,,Jefferson Community College,August 24/2015,Dec 22/2015,25-Jan,26-May,,Jefferson Community College,August 24/2016,Dec 22/2016,25-Jan,26-May,,Jesuit School Of Theology At Berkeley,31-Aug,18-Dec,01-Feb-16,20-May-16,,Jewish Theological Seminary Of America,30/08/2015,Dec 24/2015,January 19/2015,May 22/2015,,John Wesley College,August 24/2015,Dece  4/2015,January 11/2016,April 29/2016,,Johnson & Wales University-Charlotte,Sep 08/2015,Nov. 19/2015,March 08/2016,May 19/2016,,Johnson & Wales University-Denver,Sep 08/2015,Nov. 19/2015,March 08/2016,May 19/2016,,Johnson Bible College,,,,,,Johnson College,Aug. 24/2015,Dec. 20/2015,Jan. 11/2016,May 6/2016,,Jones College-Jacksonville,Sept 8/2015,19-Dec,04-May,15-Aug,,Jones College-Miami Campus,,,,,,Judson College,27-Aug,11-Dec,06-Jan-16,23/05/2016,,Jackson Community College,Sept. 8,Dec. 21,18-May,Aug. 10,,Jackson State Community College,24-Aug-15,02-Dec-15,19-Jan-16,01-May-16,,Jackson State University,25/08/2014,05/12/2015,12/01/2015,25/04/2015,,Jacksonville State University,26/08/2015,04/12/2015,07/01/2015,17/04/2015,,Jacksonville University,24/08/2015,11/12/2015,11/01/2015,29/04/2015,,James Madison University,31/08/2015,11/12/2015,11/01/2015,28/04/2015,,Jamestown College,24/08/2015,11/12/2015,11/01/2015,29/04/2015,,Jefferson College,17/08/2015,,,,,Jefferson Community Tech College - Downtown,,,,,,Jefferson Community Tech College-Louis,,,,,,Jefferson Davis Community College-Brew,,,,,,Jefferson State Community College,,,,,,John A Logan College,19/08/2015,31/12/2105,20/01/2016,31/05/2016,,John Brown University,24/08/2015,18/12/2015,11/01/2016,06/05/2016,,John Carroll University,02/09/2105,13/12/2015,12/01/2016,30/04/2016,,John F Kennedy University,17/08/2015,19/12/2015,11/01/2016,21/05/2016,,John Jay College Of Criminal Just,27/08/2015,23/12/2015,28/01/2015,24/05/2015,,John Tyler Community College,24/08/2015,05/12/2015,12/01/2015,05/05/2015,,John Wood Community College,17/08/2015,04/12/2015,11/01/2016,06/05/2016,,Johns Hopkins University,27/08/2015,04/12/2015,25/01/2016,29/04/2016,,Johnson & Wales University,09/09/2014,14/11/2014,10/03/2015,21/05/2015,,Johnson C Smith University,01/08/2015,04/12/2015,12/01/2016,29/04/2015,,Johnson County Community College,17/08/2015,13/12/2015,19/01/2016,20/05/2016,,Johnson State College,24/08/2015,11/12/2015,18/01/2016,06/05/2016,,Johnston Community College,17/08/2015,16/12/2015,07/01/2016,09/05/2016,,Joliet Junior College,24/08/2015,19/12/2015,11/01/2016,14/05/2016,,Jones County Junior College,18/08/2015,17/12/2015,20/01/2015,14/05/2015,,Juniata College,27/08/2015,11/12/2015,18/01/2016,03/05/2016,,Kansas City Art Institute,22/08/2014,12/12/2014,05/01/2015,15/05/2015,,Kansas City University Of Medicine And Biosciences,03/08/2015,26/11/2015,04/01/2016,31/05/2016,,Kansas Wesleyan University,18/08/2015,08/12/2015,12/01/2016,29/04/2016,,Kaplan Career Institute-Icm Campus,N/A,N/A,N/A,N/A,,Kaplan Career Institute-San Antonio Campus,N/A,N/A,N/A,N/A,,Kaplan College-Merrillville,N/A,N/A,N/A,N/A,,Kaplan University-Davenport,N/A,N/A,N/A,N/A,,Katharine Gibbs School-Melville,N/A,N/A,N/A,N/A,,Katharine Gibbs School-New York City,N/A,N/A,N/A,N/A,,Kauai Community College,17/08/2015,10/12/2015,12/01/2015,08/05/2015,,Keiser University-Ft. Lauderdale,01/09/2014,21/12/2014,06/01/2014,27/04/2014,,Kent State University-Ashtabula Campus,31/08/2015,13/12/2015,17/01/2016,07/05/2016,,Kent State University-Geauga Campus,31/08/2015,13/12/2015,17/01/2016,07/05/2016,,Kent State University-Salem Campus,31/08/2015,13/12/2015,17/01/2016,07/05/2016,,Kent State University-Trumbull Campus,31/08/2015,13/12/2015,17/01/2016,07/05/2016,,Kentucky Cmty/Tech Clg System,17/08/2105,13/12/2015,30/03/2015,10/05/2015,,Kentucky Mountain Bible College,N/A,N/A,N/A,N/A,,Kettering College Of Medical Arts,31/08/2015,18/12/2015,11/01/2016,28/04/2016,,Kilgore College,24/08/2015,24/11/2015,10/04/2015,12/01/2015,,Kilian Community College,N/A,N/A,N/A,N/A,,King'S College,29/08/2015,11/12/2015,16/01/2016,05/05/2016,,Kirtland Community College,24/08/2015,11/12/2015,N/A,N/A,,Klamath Community College,28/09/2015,11/12/2015,28/03/2016,10/06/2016,,Knox College,10/09/2015,13/11/2015,25/03/2015,28/05/2015,,Kalamazoo College,14/09/2015,20/11/2015,27/03/2016,02/06/2016,,Kalamazoo Vly Community College-Tx Town,08/09/2015,21/12/2015,11/01/2016,02/05/2016,,Kankakee Community College,17/08/2015,10/12/2015,11/01/2016,12/05/2016,,Kansas City Kansas Community College,18/08/2015,09/12/2015,19/01/2016,13/05/2015,,Kansas State University,24/08/2015,11/12/2015,19/01/2016,13/05/2016,,Kapiolani Community College,24/08/2015,10/12/2015,11/01/2016,04/05/2016,,Kean University,01/09/2015,19/12/2015,21/01/2015,18/05/2015,,Kellogg Community College,,,,,,Kennebec Valley Community College,08/09/2015,19/12/2015,25/01/2016,14/05/2016,,Kennesaw State University,17/08/2015,07/12/2015,11/01/2016,02/05/2016,,Kent State University,31/08/2015,13/12/2015,17/01/2016,07/05/2016,,Kentucky State University,22/08/2015,11/12/2105,16/01/2016,06/05/2016,,Kentucky Wesleyan College,26/08/2015,04/12/2105,11/01/2016,26/04/2016,,Kenyon College,27/08/2015,11/12/2015,18/01/2016,06/05/2016,,Kettering University,05/10/2015,16/12/2015,04/04/2016,13/06/2016,,Keuka College,31/08/2015,11/12/2015,08/02/2016,20/05/2016,,Keystone College,24/08/2014,05/12/2014,19/01/2015,01/05/2015,,King College,29/08/2015,11/12/2015,16/01/2016,05/05/2016,,Kingsborough Community College,08/09/2015,09/12/2015,04/03/2015,07/06/2015,,Kirkwood Community College,24/08/2015,15/12/2015,19/01/2016,10/05/2016,,Kutztown University,24/08/2015,05/12/2015,19/01/2016,30/04/2016,,L E Fletcher Technical Community College,20/08/2014,12/12/2014,21/01/2015,18/05/2015,,Laboure College,09/09/2015,14/12/2015,12/01/2016,15/04/2016,,Lackawanna College,26/08/2013,06/12/2013,22/01/2014,09/05/2014,,Lagrange College,26/08/2015,10/12/2015,02/02/2015,12/05/2015,,Lake Area Technical Institute,21/08/2014,19/12/2014,06/01/2015,08/05/2015,,Lake Erie College,25/08/2014,05/12/2014,12/01/2015,24/04/2015,,Lake Michigan Clg-Napier Ave,,,,,,Lake Region State College,,,,,,Lamar Community College,24/08/2015,08/12/2015,18/01/2016,03/05/2016,,Lamar State College-Orange,24/08/2015,08/12/2015,18/01/2016,03/05/2016,,Lamar State College-Port Arthur,24/08/2015,09/12/2015,18/01/2016,03/05/2016,,Lambuth University,24/08/2015,09/12/2015,19/01/2016,27/04/2016,,Lancaster Bible College,25/08/2014,11/12/2014,12/01/2015,07/05/2015,,Landmark College,24/08/2015,04/12/2015,26/01/2016,06/05/2016,,Lassen Community College,,,,,,Lawrence Technological University,,,,,,Lawrence University,,,,,,Lb Wallace Cmty Clg-Macarthur,,,,,,Le Moyne-Owen College,,,,,,Lees-Mcrae College,,,,,,Lenoir Community College,,,,,,Lewis College Of Business,,,,,,Lexington College,,,,,,Lexington Theological Seminary,,,,,,Life University,,,,,,Linfield College-Portland Campus,,,,,,Little Priest Tribal College,,,,,,Livingstone College,,,,,,Lon Morris College,,,,,,Long Island Business Institute,,,,,,Long Island University-Brentwood,,,,,,Los Angeles County College Of Nursing And Allied Health,,,,,,Louisburg College,,,,,,Louisiana College,,,,,,Louisiana State University At Alexandria,,,,,,Louisiana State University-Shreveport,,,,,,Louisiana Tech College-Slidell,,,,,,Louisiana Technical College-Acadian Campus,,,,,,Louisiana Technical College-Alexandria Campus,,,,,,Louisiana Technical College-Ascension Campus,,,,,,Louisiana Technical College-Avoyelles Campus,,,,,,Louisiana Technical College-Bastrop Campus,,,,,,Louisiana Technical College-Baton Rouge Campus,,,,,,Louisiana Technical College-Charles B Coreil Campus,,,,,,Louisiana Technical College-Delta-Ouachita Campus,,,,,,Louisiana Technical College-Evangeline Campus,,,,,,Louisiana Technical College-Florida Parishes,,,,,,Louisiana Technical College-Folkes Campus,,,,,,Louisiana Technical College-Gulf Area Campus,,,,,,Louisiana Technical College-Hammond Area Branch Campus,,,,,,Louisiana Technical College-Huey P Long Campus,,,,,,Louisiana Technical College-Jefferson Campus,,,,,,Louisiana Technical College-Jumonville Memorial,,,,,,Louisiana Technical College-Lafayette Campus,,,,,,Louisiana Technical College-Lafourche Campus,,,,,,Louisiana Technical College-Lamar Salter Campus,,,,,,Louisiana Technical College-Mansfield Campus,,,,,,Louisiana Technical College-Morgan Smith Campus,,,,,,Louisiana Technical College-Natchitoches Campus,,,,,,Louisiana Technical College-North Central Campus,,,,,,Louisiana Technical College-Northeast La Campus,,,,,,Louisiana Technical College-Northwest Louisiana Campus,,,,,,Louisiana Technical College-Oakdale Campus,,,,,,Louisiana Technical College-River Parishes Campus,,,,,,Louisiana Technical College-Ruston Campus,,,,,,Louisiana Technical College-Sabine Valley Campus,,,,,,Louisiana Technical College-Shelby Jackson Campus,,,,,,Louisiana Technical College-Shreveport-Bossier Campus,,,,,,Louisiana Technical College-Sullivan Campus,,,,,,Louisiana Technical College-T H Harris Campus,,,,,,Louisiana Technical College-Tallulah Campus,,,,,,Louisiana Technical College-Teche Area Campus,,,,,,Louisiana Technical College-West Jefferson Campus,,,,,,Louisiana Technical College-Westside Campus,,,,,,Lower Columbia College,,,,,,Lurleen B Wallace Community College,,,,,,Luther Rice University,,,,,,Luther Seminary,,,,,,Lutheran School Of Theology At Chicago,,,,,,Lyon College,,,,,,La Roche College,,,,,,La Salle University,,,,,,La Sierra University,,,,,,Lab Institute Of Merchandising,,,,,,Labette Community College,,,,,,Lafayette College,,,,,,Lake City Community College,,,,,,Lake Erie College Osteopathic Med,,,,,,Lake Forest College,,,,,,Lake Superior College,,,,,,Lake Superior State University,,,,,,Lake Tahoe Community College,,,,,,Lake-Sumter Community College-Leesburg,,,,,,Lakeland College,,,,,,Lakeland Community College,,,,,,Lamar Institute Of Technology,,,,,,Lamar University,,,,,,Lander University,,,,,,Lane College,,,,,,Lane Community College,,,,,,Laney College,,,,,,Langston University,"July 27-August 7,2015","Dec 14 Ð Jan 8,2015","Dec14 Ð Jan 8,2016","May 30,2016",,Lanier Tech College-Oakwood,,,,,,Lansing Community College,,,,,,Laramie County Community College-Cheyen,,,,,,Laredo Community College,"August 18,2014","December 20-January 4,2015","January 5,2015","May 18,2015",,Las Positas College,"June 15-Aug 6,2015","Aug 9,2015",17/08/2015,02/01/2016,,Lasell College,,,,,,Lawson State Community College-Birmingh,,,,,,Le Moyne College,,,,,,Letourneau University,"August 1,2015","December 14,2015",N/A,N/A,,Lebanon Valley College,,,,,,Lee College,,,,,,Lee University,,,,,,Leeward Community College,,,,,,Lehigh Carbon Community College,,,,,,Lehigh University,,,,,,Lenoir-Rhyne College,12/12/2014,16/12/2014,N/A,N/A,,Lesley University,,,,,,Lewis & Clark College,"August 31,2015",15/10/2015,"January 18,2016",07/05/2016,,Lewis & Clark Community College,,,,,,Lewis University,"August 31,2015","December 19, 20,2015","January 11,2016","May 14, 15,2016",,Lewis-Clark State College,"Aug 8,2015","Dec 21,2015","Jan 8,2015","May 17,2015",,Liberty University,"August 10,2015","December 24,2015","January 11,2015","May 18-20,2015",,Limestone College,N/A,N/A,N/A,N/A,,Lincoln Land Community College,N/A,N/A,N/A,N/A,,Lincoln Memorial University,"August 15,2015","December 13,2015","January 9,2015","May 10,2015",,Lincoln Trail College,,,,,,Lincoln University,09/06/2015,10/06/2015,N/A,N/A,,Lincoln University,09/06/2015,10/06/2015,N/A,N/A,,Lindenwood University,N/A,N/A,N/A,N/A,,Lindsey Wilson College,N/A,N/A,N/A,N/A,,Linfield College,"June 23-25,2015","Dec. 19,2015","Aug. 3,2015","Dec. 23,2015",,Linn Benton Community College,,,,,,Linn State Technical College,,,,,,Lipscomb University,"Aug. 16-17,2015","Dec. 18-Jan. 10,2015","Jan. 10,2015","May 7,2015",,Loma Linda University,,,,,,Long Beach City College,,,,,,Long Island University,,,,,,Long Island University - Cw Post,08/09/2015,23/12/2015,20/01/2015,08/05/2015,,Long Island University Admin Office,09/09/2015,24/12/2015,21/01/2015,09/05/2015,,Longwood University,01/08/2015,01/12/2015,01/01/2015,01/05/2015,,Lorain County Community College,24/08/2015,14/12/2015,18/01/2016,14/05/2016,,Los Angeles City College,31/08/2015,20/12/2015,08/02/2016,06/06/2016,,Los Angeles Harbor College,24/08/2015,01/12/2015,01/01/2015,14/05/2016,,Los Angeles Mission College,31/08/2015,23/12/2015,20/01/2015,09/05/2015,,Los Angeles Southwest College,31/08/2015,20/12/2015,09/02/2016,05/06/2016,,Los Angeles Trade Tech College,31/08/2015,19/12/2015,09/02/2016,08/06/2016,,Los Angeles Valley College,31/08/2015,20/12/2015,10/02/2016,09/06/2016,,Los Medanos College,12/02/2015,22/12/2015,01/10/2015,20/05/2015,,Louisiana State University,14/08/2015,19/12/2015,07/01/2015,04/06/2015,,Louisiana State University At Eunice,10/08/2015,18/12/2015,12/01/2015,01/05/2015,,Louisiana Tech University,01/01/2015,26/09/2015,01/12/2015,25/05/2015,,Lourdes College,25/08/2015,13/12/2015,12/01/2016,09/05/2015,,Loyola College In Maryland,27/08/2015,23/12/2015,01/01/2016,21/05/2016,,Loyola Marymount University,31/08/2015,23/12/2015,11/01/2016,11/05/2016,,Loyola University - Lakeshore,23/08/2015,05/12/2015,17/01/2016,29/04/2016,,Loyola University-New Orleans,10/08/2015,12/12/2015,14/01/2016,23/05/2016,,Loyola University-Watertower,20/07/2015,02/11/2015,12/01/2016,07/05/2016,,Lubbock Christian University,21/08/2015,15/12/2015,09/01/2016,11/05/2016,,Luna Community College,15/04/2015,21/12/2015,17/11/2015,08/05/2016,,Luther College,24/08/2015,17/12/2015,04/02/2016,19/05/2016,,Luzerne County Community College,01/01/2015,06/08/2015,05/01/2016,06/05/2016,,Lycoming College,17/08/2015,04/12/2015,1/102016,22/04/2016,,Lynchburg College,20/08/2015,04/12/2015,18/01/2016,29/04/2016,,Lyndon State College,24/08/2015,11/12/2015,19/01/2016,06/05/2016,,Lynn University,31/08/2015,19/12/2015,04/01/2016,13/05/2016,,Maccormac College-Chicago,25/08/2015,16/12/2015,05/01/2016,04/05/2016,,Macmurray College,22/08/2015,04/12/2015,11/01/2016,06/04/2016,,Magnolia Bible College,23/08/2015,05/12/2015,12/01/2016,07/04/2016,,Maine College Of Art,17/08/2015,22/12/2015,09/01/2016,29/04/2016,,Maine Maritime Academy,18/08/2015,23/12/2015,10/01/2016,30/04/2016,,Manchester Community College,27/08/2015,09/12/2015,22/01/2016,11/05/2016,,Manhattan Christian College,28/08/2015,10/12/2015,23/01/2016,12/05/2016,,Manhattan School Of Music,09/09/2015,11/12/2015,11/01/2016,29/04/2016,,Manhattanville College,23/08/2015,29/12/2015,17/01/2016,22/05/2016,,Manor College,24/08/2015,30/12/2015,18/01/2016,23/05/2016,,Maranatha Baptist Bible College Inc,31/08/2015,16/12/2015,12/01/2016,06/05/2016,,Maria College Of Albany,24/08/2015,13/12/2015,12/01/2016,08/05/2016,,Marian Court College,02/09/2015,11/12/2015,20/01/2016,06/05/2016,,Marion Technical College,03/09/2015,12/12/2015,21/01/2016,07/05/2016,,Marlboro College,18/09/2015,11/12/2015,16/05/2016,08/08/2016,,Martin Community College,12/08/2015,15/12/2015,04/01/2016,05/05/2016,,Maryland Institute College Of Art,20/08/2015,19/12/2015,05/01/2016,06/05/2016,,Marymount College,03/09/2015,29/12/2015,26/01/2016,15/05/2016,,Massachusetts College Of Pharmacy & Health Science,20/08/2015,03/09/2015,20/01/2016,12/05/2016,,Massachusetts School Of Professional Psychology,31/08/2015,21/12/2015,11/01/2016,03/05/2016,,Mayland Community College,17/08/2015,02/11/2015,20/01/2016,12/05/2016,,Mayville State University,26/08/2015,19/12/2015,13/01/2016,15/05/2016,,Mccormick Theological Seminary,02/08/2015,05/12/2015,02/02/2016,5/12016,,Mcdowell Technical Community College,26/08/2015,19/12/2015,07/01/2016,06/05/2016,,Mcintosh College,08/09/2015,14/12/2015,19/01/2016,02/05/2016,,Mcpherson College,20/08/2015,10/12/2015,26/01/2016,12/05/2016,,Med Central College Of Nursing,21/08/2015,11/12/2015,08/01/2016,12/05/2016,,Medaille College,02/09/2015,08/12/2015,20/01/2016,04/05/2016,,Meharry Medical College,03/09/2015,09/12/2015,08/01/2016,10/05/2015,,Menlo College,19/08/2015,11/12/2015,08/01/2016,07/05/2016,,Mercy College Of Health Sciences,9/92015,23/12/2015,20/01/2016,10/05/2015,,Mercy College Of Northwest Ohio,17/08/2015,06/12/2015,11/01/2016,01/05/2016,,Meridian Community College,17/08/2015,11/12/2015,12/01/2016,02/05/2016,,Mesabi Range Community And Technical College,18/08/2015,12/12/2015,13/01/2016,03/05/2016,,Mesalands Community College,17/08/2015,11/12/2015,14/01/2016,04/05/2016,,Metropolitan Community College Area,08/09/2015,23/11/2015,10/03/2016,25/05/2016,,Metropolitan Community College-Blue River,22/08/2015,07/12/2015,16/01/2016,02/05/2016,,Metropolitan Community College-Longview,24/08/2015,08/12/2015,17/01/2016,03/05/2016,,Metropolitan Community College-Maple Woods,24/08/2015,05/12/2015,18/01/2016,04/05/2016,,Metropolitan Community College-Penn Valley,17/08/2015,07/12/2015,11/01/2016,30/04/2016,,Miami Intl University Art/Design,18/08/2015,05/12/2015,12/01/2016,01/05/2016,,Miami University-Hamilton,24/08/2015,05/12/2015,25/01/2016,07/05/2016,,Miami University-Middletown,17/08/2015,05/12/2015,26/01/2016,08/05/2016,,Miami-Dade College-Iac,25/08/2015,12/12/2015,06/01/2016,24/04/2016,,Michigan Theological Seminary,17/08/2015,23/12/2015,07/01/2016,25/04/2016,,Mid Michigan Community College,29/08/2015,18/12/2015,06/01/2016,10/07/2016,,Mid-America Christian University,17/08/2015,23/12/2015,07/01/2016,11/07/2016,,Mid-Plains Community College,20/08/2015,20/11/2015,08/01/2016,12/07/2016,,Middle Georgia College,17/08/2015,07/10/2015,11/01/2016,02/03/2016,,Middle Georgia Technical College,01/04/2015,01/12/2015,11/01/2016,01/05/2016,,Midland Lutheran College,01/04/2015,20/11/2015,12/01/2016,02/05/2016,,Midstate College,17/08/2015,12/12/2015,13/01/2016,03/05/2016,,Midwestern Univ-Downers Grove,10/08/2015,20/11/2015,22/02/2016,01/05/2016,,Miles Community College,17/08/2015,12/12/2015,23/02/2016,02/05/2016,,Milligan College,20/08/2015,05/12/2015,05/01/2016,01/05/2016,,Mineral Area College,17/08/2015,12/12/2015,11/01/2016,14/05/2016,,Minnesota West Cmty/Tech Clg,25/08/2015,15/12/2015,12/01/2016,09/03/2016,,Minot State Univ-Bottineau,24/08/2015,18/12/2015,13/01/2016,10/03/2016,,Mississippi Gulf Coast Community College,21/08/2015,19/12/2015,07/01/2015,07/05/2015,,Missouri College,25/08/2015,01/12/2014,12/01/2016,04/05/2015,,Missouri State University-West Plains,20/08/2015,06/12/2015,14/01/2016,09/05/2016,,Mitchell Community College,17/08/2015,11/12/2015,01/01/2016,05/05/2016,,Moberly Area Community College,06/04/2015,03/12/2015,26/10/2015,05/05/2016,,Mohawk Valley Community College-Utica Branch,826/2015,14/12/2015,10/01/2016,15/05/2016,,Monroe College-New Rochelle,11/09/2015,11/12/2015,29/04/2016,28/07/2016,,Montana State University-Billings,24/08/2015,04/12/2015,13/01/2016,29/04/2016,,Montana State University-Northern,21/08/2015,11/12/2015,12/01/2016,06/05/2016,,Montana State Univiversity-Billings-College Of Technology,24/08/2015,14/12/2015,13/01/2016,07/05/2016,,Montana Tech Of The University Of Montana,24/08/2015,15/12/2015,11/01/2016,10/05/2016,,Montana Tech-College Of Technology,21/08/2015,14/12/2015,12/01/2016,11/05/2016,,Montcalm Community College,22/08/2015,12/12/2015,12/01/2016,01/05/2016,,Montgomery Community College,02/09/2015,14/12/2015,20/01/2016,01/05/2016,,Montreat College,18/08/2015,04/12/2015,13/01/2016,06/05/2016,,Moraine Park Technical College,19/08/2015,05/12/2015,14/01/2016,07/05/2016,,Moravian Theological Seminary,31/08/2015,11/12/2015,01/02/2016,06/05/2016,,Morris College,20/08/2015,10/12/2015,07/01/2016,05/05/2016,,Mount Holyoke College,03/09/2015,09/12/2015,20/01/2016,27/04/2016,,Mount Marty College,31/08/2015,19/12/2015,18/01/2016,14/05/2016,,Mountain Empire Community College,27/08/2015,10/12/2015,14/01/2016,06/05/2016,,Mountain State College,24/08/2015,11/12/2015,18/01/2016,06/05/2016,,Mt Hood Community College,04/05/2015,12/09/2015,04/02/2016,28/03/2016,,Murray State College,05/05/2015,13/09/2015,05/02/2016,29/03/2016,,Musicians Institute,02/10/2015,15/12/2015,02/04/2016,15/06/2016,,Macalester College,02/09/2015,10/12/2015,21/01/2016,02/05/2016,,Macon State College,17/08/2015,07/10/2015,11/01/2016,02/03/2016,,Madison Area Technical College,18/08/2015,08/10/2015,12/01/2016,03/03/2016,,Madisonville Community College-Madisonv,17/08/2015,13/12/2015,11/01/2016,06/05/2016,,Madonna University,02/09/2015,13/12/2015,09/05/2016,30/07/2016,,Malcolm X College,06/04/2015,17/08/2015,02/11/2015,11/01/2016,,Malone College,27/08/2015,07/12/2015,10/01/2016,26/04/2016,,Manatee Community College,18/08/2015,05/12/2015,08/01/2016,01/05/2016,,Manchester College,20/08/2015,08/12/2015,29/01/2016,11/05/2016,,Manchester Community College,27/08/2015,09/12/2015,22/01/2016,11/05/2016,,Manhattan College,31/08/2015,11/12/2015,25/01/2016,09/05/2016,,Mansfield University,25/08/2015,05/12/2015,20/01/2016,04/05/2016,,Marian College,30/08/2015,01/12/2015,24/01/2016,11/05/2016,,Marian College,31/08/2015,02/12/2015,25/01/2016,12/05/2016,,Marietta College,24/08/2015,04/12/2015,11/01/2016,22/04/2016,,Marquette University,31/08/2015,12/12/2015,19/01/2016,07/05/2016,,Mars Hill College,10/08/2015,18/12/2016,04/01/2016,07/05/2016,,Marshall Community-Technical College,11/08/2015,12/8/0201,05/01/2016,08/05/2016,,Marshall University,24/08/2015,04/12/2015,11/01/2016,29/04/2016,,Marshalltown Community College,25/08/2015,12/8/0201,12/01/2016,30/04/2016,,Martin Methodist College,26/08/2015,12/8/0201,13/01/2016,25/04/2016,,Martin University,17/08/2015,05/12/2015,1//11/2016,07/05/2016,,Marygrove College,02/09/2015,16/12/2015,1//11/2016,07/05/2016,,Marylhurst University,28/09/2015,13/12/2015,28/03/2016,12/06/2016,,Marymount Manhattan College,29/09/2015,14/12/2015,29/03/2016,13/06/2016,,Maryville College,30/09/2015,15/12/2015,30/03/2016,14/06/2016,,Maryville University Of Saint Louis,20/08/2015,10/12/2015,10/01/2016,25/05/2016,,Marywood University,24/08/2015,12/12/2015,13/01/2016,10/05/2016,,Mass College Of Liberal Arts,02/08/2015,16/12/2015,20/01/2016,02/05/2016,,Massachusetts Bay Community College,08/09/2015,18/12/2015,19/01/2016,09/05/2016,,Massachusetts Institute Of Technology,09/08/2015,10/12/2015,02/02/2016,12/05/2016,,Massasoit Community College-Brockton,03/09/2015,13/12/2015,19/01/2016,09/05/2016,,Master'S College And Seminary,04/09/2015,14/12/2015,20/01/2016,10/05/2016,,Maui Community College,24/08/2015,10/12/2015,11/01/2016,04/05/2016,,Maysville Community/Tech College-Maysv,17/08/2015,25/12/2015,11/01/2016,30/04/2016,,Mcmurry University,18/08/2015,26/12/2015,12/01/2016,01/05/2016,,Mcneese State University,19/08/2015,27/12/2015,13/01/2016,02/05/2016,,Mcdaniel College,20/08/2015,28/12/2015,14/01/2016,03/05/2016,,Mckendree College,31/08/2015,11/12/2015,19/01/2016,06/05/2016,,Mclennan Community College,24/08/2015,12/12/2015,20/01/2016,07/05/2016,,Medgar Evers College,20/08/2015,13/12/2015,21/01/2016,08/05/2016,,Medical College Of Georgia,11/08/2015,04/12/2015,11/01/2016,02/05/2016,,Mendocino College,24/08/2015,18/12/2015,25/01/2016,27/05/2016,,Merced College,17/08/2015,18/12/2015,12/01/2016,22/05/2016,,Mercer University,18/08/2015,19/12/2015,13/01/2016,23/05/2016,,Mercy College-Dobbs Ferry,07/09/2015,22/12/2015,20/01/2016,10/05/2016,,Mercyhurst College,26/08/2015,04/12/2015,03/02/2016,23/05/2016,,Meredith College,19/08/2015,02/12/2015,11/01/2016,27/04/2016,,Merrimack College,31/08/2015,11/12/2015,21/01/2016,06/05/2016,,Merritt College,24/08/2015,18/12/2015,20/01/2016,22/05/2016,,Mesa Community College,22/08/2015,18/12/2015,16/01/2016,08/05/2016,,Mesa State College,23/08/2015,19/12/2015,17/01/2016,09/05/2016,,Messiah College,01/08/2015,11/12/2015,06/01/2016,03/05/2016,,Methodist University,24/08/2015,07/12/2015,15/01/2016,02/05/2016,,Metropolitan St College Of Denver,17/08/2015,05/12/2015,20/01/2016,09/05/2016,,Metropolitan State University,22/08/2015,13/12/2015,10/01/2016,03/05/2016,,Miami University-Oxford,24/08/2015,05/12/2015,25/01/2016,07/05/2016,,Miami-Dade Clg-Kendall,25/08/2015,12/12/2015,06/01/2016,24/04/2016,,Miami-Dade College - North,26/08/2015,13/12/2015,07/01/2016,25/04/2016,,Miami-Dade College-Wolfson,27/08/2015,14/12/2015,08/01/2016,26/04/2016,,Michigan State University,17/08/2015,04/12/2015,11/01/2016,25/04/2016,,Michigan Technological University,08/09/2015,11/12/2015,19/01/2016,22/04/2016,,Mid Continent University,09/09/2015,12/12/2015,13/01/2016,03/05/2016,,Mid South Community College,24/08/2015,07/12/2015,19/01/2016,02/05/2016,,Midamerica Nazarene University,25/08/2015,11/12/2015,11/01/2016,03/05/2016,,Middle Tennessee State University,24/08/2015,02/12/2015,19/01/2016,27/04/2016,,Middlebury College,16/09/2015,11/12/2015,15/02/2016,16/05/2016,,Middlesex Community College,08/09/2015,05/12/2015,09/02/2016,11/05/2016,,Middlesex Community College,09/09/2015,06/12/2015,10/02/2016,12/05/2016,,Midland College,24/08/2015,11/12/2015,09/01/2016,17/05/2016,,Midlands Technical College,24/08/2015,07/12/2015,11/01/2016,25/04/2016,,Midwestern State University,21/08/2015,04/12/2015,16/01/2016,06/05/2016,,Miles College,17/08/2015,05/12/2015,17/01/2016,07/05/2016,,Millersville University,24/08/2015,13/12/2015,20/01/2016,04/05/2016,,Millikin University,24/08/2015,18/12/2015,25/01/2016,13/05/2016,,Mills College,26/08/2015,07/12/2015,20/01/2016,04/05/2016,,Millsaps College,24/08/2015,07/12/2015,11/01/2016,22/04/2016,,Milwaukee Area Tech College,25/08/2015,08/12/2015,12/01/2016,23/04/2016,,Milwaukee School Of Engineering,08/09/2015,21/11/2015,07/03/2016,28/05/2016,,Minneapolis Community/Technical College,24/08/2015,18/12/2015,08/03/2016,29/05/2016,,Minnesota School Of Bus-Richfield,25/08/2015,19/12/2015,09/03/2016,30/05/2016,,Minnesota St College-So East Tech,24/08/2015,20/12/2015,10/03/2016,31/05/2016,,Minnesota St Community/Tech-Fergus,25/08/2015,19/12/2015,12/01/2016,13/05/2016,,Minnesota State University Moorhead,24/08/2015,09/12/2015,11/01/2016,04/05/2016,,Minnesota State University-Mankato,25/08/2015,13/12/2015,12/01/2016,09/05/2016,,Minnesota West Community/Technical College,25/08/2015,19/12/2015,12/01/2016,08/05/2016,,Minot State University,26/08/2015,20/12/2015,13/01/2016,09/05/2016,,Miracosta College-Oceanside,24/08/2015,19/12/2015,25/01/2016,5/23/ 2016,,Misericordia University,30/08/2015,14/12/2015,18/01/2016,04/05/2016,,Mission College,31/08/2015,15/12/2015,19/01/2016,05/05/2016,,Mississippi College,24/08/2015,12/10/2015,11/01/2016,02/05/2016,,Mississippi State University,17/08/2015,01/12/2015,11/01/2016,27/04/2016,,Mississippi University For Women,21/08/2015,06/12/2015,14/01/2016,09/05/2016,,Mississippi Valley State University,24/08/2015,04/12/2015,11/01/2016,29/04/2016,,Missouri Baptist University,17/08/2015,01/12/2015,11/01/2016,29/04/2016,,Missouri Southern State University,18/08/2015,05/12/2015,12/01/2016,01/05/2016,,Missouri State University,17/08/2015,03/12/2015,11/01/2016,05/05/2016,,Missouri Valley College,24/08/2015,07/12/2015,12/01/2016,02/05/2016,,Missouri Western State College,31/08/2015,01/12/2015,19/01/2016,29/05/2016,,Mitchell College,28/08/2015,10/12/2015,21/01/2016,03/05/2016,,Modesto Junior College-East,24/08/2015,12/12/2015,11/01/2016,30/04/2016,,Mohave Community College-Kingman,25/08/2015,15/12/2015,20/01/2016,11/05/2016,,Monroe College,11/08/2015,11/12/2015,29/04/2016,29/07/2016,,Monroe Community College-Rochester,08/09/2015,18/12/2015,25/01/2016,20/05/2016,,Monroe County Community College,27/08/2015,14/12/2015,11/05/2016,20/06/2016,,Montana St University College Of Tech,24/08/2015,04/12/2015,13/01/2016,29/04/2016,,Montana State University,24/08/2015,04/12/2015,13/01/2016,29/04/2016,,Montclair State University,02/09/2015,13/12/2015,19/01/2016,03/05/2016,,Monterey Peninsula College,24/08/2015,11/12/2015,15/06/2015,07/08/2016,,Montgomery College,31/08/2015,24/12/2015,25/01/2016,20/05/2016,,Montgomery College - Rockville,01/09/2015,25/12/2015,26/01/2016,21/05/2016,,Moorpark College,17/08/2015,20/11/2015,10/01/2016,24/04/2016,,Moraine Park Technical College,18/08/2015,21/11/2015,11/01/2016,25/04/2016,,Morehead State University,12/08/2015,11/12/2015,04/01/2016,08/04/2016,,Morehouse College,20/08/2015,03/12/2015,14/01/2016,29/04/2016,,Morgan Community College,19/08/2015,18/12/2015,06/01/2016,13/05/2016,,Morgan State University,01/08/2015,05/12/2015,26/01/2016,13/05/2016,,Morningside College,26/08/2015,11/12/2015,13/01/2016,03/05/2016,,Morton College,27/08/2015,12/12/2015,14/01/2016,04/05/2016,,Motlow State Community College,28/08/2015,13/12/2015,15/01/2016,05/05/2016,,Mott Community College,08/09/2015,16/12/2015,06/05/2016,20/08/2016,,Mount Ida College,08/09/2015,14/12/2015,19/01/2016,02/05/2016,,Mount Mary College,09/09/2015,15/12/2015,20/01/2016,03/05/2016,,Mount Mercy College,26/08/2015,10/12/2015,28/01/2016,08/05/2016,,Mount Olive College,08/08/2015,12/12/2015,06/01/2016,03/05/2016,,Mount Saint Mary College,25/08/2015,08/12/2015,20/01/2016,07/08/2016,,Mount St Marys College,18/08/2015,18/12/2015,19/01/2016,18/05/2016,,Mount St Marys University,19/08/2015,19/12/2015,20/01/2016,19/05/2016,,Mount Union College,31/08/2015,11/12/2015,11/01/2016,25/04/2016,,Mount Vernon Nazarene University,06/09/2015,05/12/2015,02/01/2016,02/05/2016,,Mount Wachusett Community College,02/09/2015,12/12/2015,20/01/2016,10/05/2016,,Mountain View College,31/08/2015,17/12/2015,20/01/2016,12/05/2016,,Mt San Antonio College,22/08/2015,14/12/2015,19/01/2016,25/05/2016,,Mt San Jacinto College,15/08/2015,12/12/2015,19/01/2016,20/05/2016,,Muhlenberg College,16/08/2015,13/12/2015,20/01/2016,21/05/2016,,Murray State University,17/08/2015,14/12/2015,21/01/2016,22/05/2016,,Muskegon Community College,24/08/2015,05/12/2015,22/01/2016,23/05/2016,,Muskingum College,15/09/2015,06/12/2015,12/01/2016,28/03/2016,,N Virginia Community College - Annandale,19/08/2015,14/12/2015,11/01/2016,17/05/2016,,Nash Community College,18/08/2015,16/12/2015,08/01/2016,15/05/2016,,National American University-Albuquerque,08/09/2015,01/12/2015,07/03/2015,26/05/2016,,National American University-Bloomington,09/09/2015,02/12/2015,08/03/2015,27/05/2016,,National American University-Colorado Springs,10/09/2015,03/12/2015,09/03/2015,28/05/2016,,National American University-Denver,31/08/2015,04/12/2015,10/03/2015,29/05/2016,,National American University-Ellsworth Afb Extension,22/08/2015,14/12/2015,13/01/2015,15/05/2016,,National American University-Independence,19/08/2015,13/12/2015,24/01/2016,04/05/2016,,National American University-Overland Park,14/08/2015,14/12/2015,24/01/2016,15/05/2016,,National American University-Rapid City,22/08/2015,13/12/2015,13/01/2015,16/05/2016,,National American University-Rio Rancho,19/08/2015,14/12/2015,24/01/2016,04/05/2016,,National American University-Roseville,22/08/2015,12/12/2015,13/01/2015,05/05/2016,,National American University-Sioux Falls,19/08/2015,14/12/2015,24/01/2016,04/05/2016,,National College Of Business And Technology-Nashville,22/08/2015,12/12/2015,13/01/2015,15/05/2016,,Nazarene Bible College,31/08/2015,23/11/2015,07/03/2016,27/05/2016,,Nebraska Christian College,12/06/2015,05/10/2015,19/01/2016,06/03/2016,,Nebraska College Of Technical Agriculture,31/08/2015,23/11/2015,12/01/2016,07/05/2016,,Nebraska Indian Community College,14/08/2015,14/12/2015,13/01/2016,08/05/2016,,Neosho County Community College,25/08/2015,15/12/2015,20/01/2016,12/05/2016,,New Brunswick Theological Seminary,22/08/2015,14/12/2015,18/01/2016,21/05/2016,,New College Of California,31/08/2015,11/12/2015,19/01/2016,06/08/2016,,New Mexico Junior College,14/08/2015,12/12/2015,17/01/2016,04/05/2016,,New Mexico Military Institute,19/08/2015,13/12/2015,13/01/2015,15/05/2016,,New Mexico State University-Alamogordo,21/08/2015,12/12/2015,11/01/2016,08/05/2016,,New Mexico State University-Carlsbad,21/08/2015,12/12/2015,15/01/2016,08/05/2016,,New Mexico State University-Dona Ana,19/08/2015,11/12/2015,24/01/2016,16/05/2016,,New Mexico State University-Grants,19/08/2015,11/12/2015,20/01/2016,13/05/2016,,New York Theological Seminary,14/08/2015,16/12/2015,21/01/2016,14/05/2016,,Newschool Of Architecture And Design,05/10/2015,21/12/2015,11/04/2016,27/06/2016,,Nhti-Concord'S Community College,19/08/2015,14/12/2015,06/01/2016,02/05/2016,,North Carolina School Of The Arts,17/08/2015,19/12/2015,11/01/2016,02/05/2016,,North Central Kansas Technical College,14/08/2015,05/12/2015,12/01/2016,03/05/2016,,North Central Missouri College,24/08/2015,04/12/2015,11/12/2016,29/04/2016,,North Central State College,24/08/2015,13/12/2015,11/01/2016,08/05/2016,,North Central University,18/08/2015,13/12/2015,12/01/2016,16/05/2016,,North Dakota State College Of Science,25/08/2015,11/12/2015,01/01/2016,30/05/2016,,North Florida Community College,15/08/2015,04/12/2015,06/01/2016,11/05/2016,,Northampton County Area Community College-Monroe,24/08/2015,12/12/2015,12/01/2016,04/08/2016,,Northeast Mississippi Community College,14/08/2015,16/12/2015,06/01/2016,08/05/2016,,Northeastern Oklahoma A&M College,12/01/2015,01/05/2015,12/01/2016,09/05/2016,,Northeastern Technical College,18/08/2015,06/12/2015,12/01/2016,11/05/2016,,Northern Baptist Theo Seminary,19/08/2015,21/12/2015,11/01/2016,09/05/2016,,Northern Maine Community College,02/09/2015,13/12/2015,11/01/2016,11/05/2016,,Northern Oklahoma College,03/08/2015,05/12/2015,12/01/2016,12/05/2016,,Northland College,04/08/2015,06/12/2015,13/01/2016,13/05/2016,,Northland Community And Technical College,05/08/2015,07/12/2015,14/01/2016,14/05/2016,,Northland Pioneer Clg-Paint De,17/08/2015,06/12/2015,12/01/2016,08/05/2016,,Northwest Christian College,26/08/2015,04/12/2015,11/01/2016,29/04/2016,,Northwest College,25/08/2015,11/12/2015,12/01/2016,06/05/2016,,Northwest College Of Art,31/08/2015,31/08/2015,19/01/2016,13/05/2016,,Northwest Indian College,21/09/2015,11/12/2015,04/04/2016,16/06/2016,,Northwest State Community College,19/08/2015,12/12/2015,11/01/2016,07/05/2016,,Northwest Technical Institute,20/08/2015,13/12/2015,12/01/2016,08/05/2016,,Northwestern Business College-Southwestern Campus,21/08/2015,14/12/2015,13/01/2016,09/05/2016,,Northwestern Michigan College,29/08/2015,19/12/2015,08/01/2016,30/04/2016,,Northwestern Technical College,03/08/2015,08/12/2015,04/01/2016,29/04/2016,,Northwood University-Florida Education Center,25/08/2015,05/12/2015,12/01/2016,10/05/2016,,Northwood University-Texas,26/08/2015,06/12/2015,13/01/2016,11/05/2016,,Nunez Community College,25/08/2015,08/12/2015,20/01/2016,11/05/2016,,Ny Institute Of Tech-Islip,26/08/2015,09/12/2015,,12/05/2016,,Napa Valley College,17/08/2015,09/12/2015,21/01/2016,25/05/2016,,Nashua Community College,18/08/2015,10/12/2015,22/01/2016,26/05/2016,,Nashville State Community College-Nash,19/08/2015,11/12/2015,23/01/2016,27/05/2016,,Nassau Community College,20/08/2015,12/12/2015,20/01/2016,12/05/2016,,National College,21/08/2015,13/12/2015,21/01/2016,13/05/2016,,National College Of Bus Tech-Roano,17/08/2015,04/12/2015,07/01/2016,06/05/2016,,National Park Community College,19/08/2015,09/12/2015,14/01/2016,06/05/2016,,National University,20/08/2015,10/12/2015,15/01/2016,07/05/2016,,National-Louis University,14/09/2015,31/12/2015,04/04/2016,12/06/2016,,Naugatuck Valley Community College,31/08/2015,13/12/2015,21/01/2016,09/05/2016,,Navarro College,24/08/2015,12/12/2015,19/01/2016,04/05/2016,,Nebraska Wesleyan University,04/08/2015,19/12/2015,29/12/2016,15/05/2016,,Neumann College,31/08/2015,23/12/2015,13/01/2016,14/05/2016,,New England College,31/08/2015,11/12/2015,19/01/2016,06/05/2016,,New England Institute Of Technology,01/09/2015,12/12/2015,20/01/2016,07/05/2016,,New England School Of Law,24/08/2015,04/12/2015,05/01/2016,21/04/2016,,New Jersey City University,01/08/2015,21/12/2015,19/01/2016,19/05/2016,,New Jersey Institute Of Technology,05/09/2015,10/12/2015,19/01/2016,03/05/2016,,New Mexico Highlands University,24/08/2015,21/12/2015,19/01/2016,14/05/2016,,New Mexico State University,21/08/2015,12/12/2015,15/01/2016,08/05/2016,,New Mexico Tech,20/08/2015,04/11/2015,21/01/2016,14/03/2016,,New Orleans Baptist Theo Sem,21/08/2015,05/11/2015,22/01/2016,15/03/2016,,New River Community College,24/08/2015,11/12/2015,25/01/2016,06/05/2016,,New School University,31/08/2015,22/12/2015,25/01/2016,16/05/2016,,New York Cty College Of Technology,27/08/2015,23/12/2015,29/01/2016,12/05/2016,,New York Law School,28/08/2015,24/12/2015,30/01/2016,13/05/2016,,New York University,02/09/2015,03/09/2015,25/01/2016,09/05/2016,,Newberry College,03/09/2015,04/09/2015,26/01/2016,10/05/2016,,Newbury College,03/09/2015,12/12/2015,14/01/2016,05/05/2016,,Newman University,20/08/2015,03/12/2015,08/01/2016,29/04/2016,,Niagara County Community College,17/01/2015,11/05/2015,16/01/2016,09/05/2016,,Niagara University,31/08/2015,08/12/2015,19/01/2016,02/05/2016,,Nicholls State University,12/08/2015,04/12/2015,13/01/2016,14/05/2016,,Nichols College,13/08/2015,05/12/2015,14/01/2016,15/05/2016,,Normandale Community College,24/08/2015,25/11/2015,11/01/2016,09/05/2016,,North Arkansas College,17/08/2015,07/12/2015,11/01/2016,02/05/2016,,North Carolina A&T State University,19/08/2015,03/12/2015,11/01/2016,05/05/2016,,North Carolina State University,20/08/2015,03/12/2015,07/01/2016,24/04/2016,,North Carolina Wesleyan College,24/08/2015,01/12/2015,13/01/2016,19/04/2016,,North Central Michigan College,08/09/2015,04/12/2015,14/01/2016,20/04/2016,,North Central Texas College-Gainsv,25/08/2015,12/12/2015,20/01/2016,21/04/2016,,North Dakota State University,27/08/2015,10/12/2015,14/01/2016,11/05/2016,,North Georgia College/State University,17/08/2015,12/12/2015,11/01/2016,09/05/2016,,North Georgia Tech College-Clarkesvill,19/08/2015,14/12/2015,12/01/2016,10/05/2016,,North Hennepin Community College,20/08/2015,15/12/2015,13/01/2016,11/05/2016,,North Idaho College,24/08/2015,17/12/2015,11/01/2016,12/05/2016,,North Iowa Area Community College,31/08/2015,17/12/2015,19/01/2016,19/04/2016,,North Lake College,31/08/2015,17/12/2015,20/01/2016,12/05/2016,,North Metro Technical College,17/08/2015,25/12/2015,21/01/2016,13/05/2016,,North Park University,31/08/2015,05/12/2015,19/01/2016,19/05/2016,,North Seattle Community College,28/09/2015,16/12/2015,20/01/2016,20/05/2016,,North Shore Community College,31/08/2015,18/12/2015,12/01/2016,19/04/2016,,North Virginia Community College-Alexandria,01/09/2015,19/12/2015,13/01/2016,20/04/2016,,Northampton Community College-Bethlehem,24/08/2015,12/12/2015,12/01/2016,04/05/2016,,Northcentral University,25/08/2015,13/12/2015,13/01/2016,05/05/2016,,Northeast Alabama Community College,25/08/2015,11/12/2015,07/01/2016,06/05/2016,,Northeast Community College,04/08/2015,10/12/2015,19/01/2016,03/05/2016,,Northeast Iowa Community College-Calmar,05/08/2015,11/12/2015,20/01/2016,04/05/2016,,Northeast State Tech Community College,25/08/2015,15/12/2015,15/01/2016,01/05/2016,,Northeast Texas Community College,22/08/2015,08/12/2015,17/01/2016,02/05/2016,,Northeast Wisconsin Tech College,02/09/2015,21/12/2015,25/01/2016,13/05/2016,,Northeastern Illinois University,23/08/2015,07/12/2015,11/01/2016,02/05/2016,,Northeastern Junior College,24/08/2015,08/12/2015,12/01/2016,03/05/2016,,Northeastern State University,17/08/2015,11/12/2015,12/01/2016,08/05/2016,,Northeastern University,09/09/2015,09/12/2015,11/01/2016,20/04/2016,,Northern Arizona University,31/08/2015,04/12/2015,12/01/2016,01/05/2016,,Northern Essex Community College,09/09/2015,15/12/2015,21/01/2016,11/05/2016,,Northern Illinois University,24/08/2015,05/12/2015,19/01/2016,05/05/2016,,Northern Kentucky University,17/08/2015,04/12/2015,11/01/2016,29/04/2016,,Northern Michigan University,24/08/2015,05/12/2015,11/01/2016,23/04/2016,,Northern New Mexico College,14/08/2015,12/12/2015,19/01/2016,13/05/2016,,Northwest Arkansas Community College,24/08/2015,11/12/2015,20/01/2016,14/05/2016,,Northwest Iowa Community College,25/08/2015,12/12/2015,19/01/2016,06/05/2016,,Northwest Missouri State University,25/08/2015,01/12/2015,12/01/2016,27/04/2016,,Northwest Nazarene University,,02/12/2015,13/01/2016,28/04/2016,,Northwest Technical College - Bemidji,12/01/2015,03/12/2015,14/01/2016,29/04/2016,,Northwest Vista College,25/08/2015,18/10/2015,20/01/2016,16/05/2016,,Northwestern College,25/08/2015,11/12/2015,12/01/2016,06/05/2016,,Northwestern Ct Community College,26/08/2015,12/12/2015,13/01/2016,07/05/2016,,Northwestern Ok St University-Alva,27/08/2015,13/12/2015,14/01/2016,08/05/2016,,Northwestern Polytechnic University,28/08/2015,14/12/2015,12/01/2016,05/05/2016,,Northwestern State University,17/08/2015,07/12/2015,04/01/2016,29/04/2016,,Northwestern University,23/09/2015,06/12/2015,30/03/2016,06/06/2016,,Northwood University-Michigan,31/08/2015,11/12/2015,11/01/2016,29/04/2016,,Norwalk Community College,31/08/2015,11/12/2015,21/01/2016,09/05/2016,,Norwich University,31/08/2015,16/12/2015,18/01/2016,06/05/2016,,Notre Dame College Of Ohio,29/08/2015,15/12/2015,11/01/2016,05/05/2016,,Notre Dame De Namur University,02/09/2015,19/12/2015,19/01/2016,06/05/2016,,Nova Southeastern University,23/08/2015,12/12/2015,03/01/2016,30/04/2016,,Nw Mississippi Community College,11/08/2015,04/12/2015,08/01/2016,12/05/2016,,Nw Shoals Community College-Shoals,18/08/2015,09/12/2015,07/01/2016,02/05/2016,,Nyack College,09/09/2015,23/12/2015,20/01/2016,03/05/2016,,Oak Hills Christian College,25/08/2015,15/12/2015,11/01/2016,02/05/2016,,Oglethorpe University,24/08/2015,11/12/2015,11/01/2016,03/05/2016,,Ohio Institute Of Photography And Technology,25/08/2015,12/12/2015,12/01/2016,04/05/2016,,Ohio State University Agricultural Technical Institute,26/08/2015,13/12/2015,13/01/2016,05/05/2016,,Ohio State University-Lima Campus,27/08/2015,14/12/2015,14/01/2016,06/05/2016,,Ohio State University-Main Campus,27/08/2015,09/12/2015,11/01/2016,25/04/2016,,Ohio State University-Mansfield Campus,28/08/2015,10/12/2015,12/01/2016,27/04/2016,,Ohio State University-Marion Campus,25/08/2015,11/12/2015,11/01/2016,25/04/2016,,Ohio University-Chillicothe Campus,24/08/2015,17/12/2015,12/01/2016,25/04/2016,,Ohio University-Eastern Campus,25/08/2015,18/12/2015,13/01/2016,26/04/2016,,Ohio University-Lancaster Campus,11/08/2015,05/12/2015,05/01/2016,25/04/2016,,Ohio University-Southern Campus,21/08/2015,13/12/2015,06/01/2016,26/04/2016,,Ohio University-Zanesville Campus,22/08/2015,14/12/2015,07/01/2016,27/04/2016,,Ohio Valley University,24/08/2015,03/12/2015,19/01/2016,28/04/2016,,Oklahoma Panhandle State University,25/08/2015,04/12/2015,20/01/2016,29/04/2016,,Oklahoma State University-Oklahoma City,21/08/2015,13/12/2015,08/01/2016,06/05/2016,,Oklahoma State University-Okmulgee,01/09/2015,11/12/2015,09/01/2016,07/05/2016,,Oklahoma Wesleyan University,02/09/2015,12/12/2015,10/01/2016,08/05/2016,,Olympic College-Bremerton,03/09/2015,13/12/2015,11/01/2016,09/05/2016,,Orangeburg Calhoun Technical College,10/08/2015,15/12/2015,08/01/2016,12/05/2016,,Oregon Coast Community College,21/08/2015,11/12/2015,28/03/2016,10/06/2016,,Oregon Health & Science University,28/09/2015,18/12/2015,28/03/2016,17/06/2016,,Oregon State Univ-Cascades,12/09/2015,19/12/2015,29/03/2016,18/06/2016,,Otero Junior College,17/08/2015,11/12/2015,11/01/2016,29/04/2016,,Otis College Of Art And Design,31/08/2015,19/12/2015,19/01/2016,10/05/2016,,Ottawa University-Kansas City,22/08/2015,10/12/2015,09/01/2016,28/04/2016,,Ottawa University-Milwaukee,07/08/2015,15/12/2015,08/01/2016,22/05/2016,,Ottawa University-Ottawa,31/08/2015,11/12/2015,11/01/2016,27/05/2016,,Ottawa University-Phoenix,01/09/2015,12/12/2015,12/01/2016,28/05/2016,,Ozarka College,02/09/2015,13/12/2015,13/01/2016,29/05/2016,,Oakland City University-Oakland City,17/08/2015,04/12/2015,04/01/2016,07/05/2016,,Oakland Community College Dist,03/09/2015,21/12/2015,05/01/2016,08/05/2016,,Oakland University,04/08/2015,12/12/2015,05/01/2016,22/05/2016,,Oakton Community College-Des Plaine,24/08/2015,16/12/2015,19/01/2016,13/05/2016,,Oakwood College,11/08/2015,03/12/2015,04/01/2016,20/04/2016,,Oberlin College,31/08/2015,11/12/2015,01/02/2016,06/05/2016,,Occidental College,21/08/2015,02/12/2015,19/01/2016,28/04/2016,,Odessa College,13/08/2015,10/12/2015,13/01/2016,28/05/2016,,Ogden-Weber Applied Tech College,14/08/2015,11/12/2015,14/01/2016,29/05/2016,,Ogeechee Technical College,28/09/2015,09/12/2015,15/01/2016,30/05/2016,,Ohio Dominican University,10/08/2015,11/12/2015,04/01/2016,06/05/2016,,Ohio Northern University,25/08/2015,19/12/2015,12/01/2016,08/05/2016,,Ohio State University - Newark,27/08/2015,26/12/2015,11/01/2016,16/03/2016,,Ohio University,10/08/2015,05/12/2015,07/01/2016,05/05/2016,,Ohio Wesleyan University,24/08/2015,11/12/2015,11/01/2016,28/04/2016,,Ohlone College,31/08/2015,18/12/2015,26/01/2016,22/05/2016,,Okaloosa-Walton College,17/08/2015,09/12/2015,11/01/2016,02/05/2016,,Oklahoma Baptist University,21/08/2015,05/12/2015,25/01/2016,###############################################################################################################################################################################################################################################################,,Oklahoma Christian University,22/08/2015,06/12/2015,26/01/2016,###############################################################################################################################################################################################################################################################,,Oklahoma City Community College,17/08/2015,12/12/2015,19/01/2016,27/05/2016,,Oklahoma City University,08/08/2015,07/12/2015,12/01/2016,29/04/2016,,Oklahoma State University,17/08/2015,04/12/2015,11/01/2016,29/04/2016,,Old Dominion University,22/08/2015,04/12/2015,10/01/2016,28/04/2016,,Olivet College,25/08/2015,30/11/2015,11/01/2016,19/04/2016,,Olivet Nazarene University,26/08/2015,01/12/2015,12/01/2016,20/04/2016,,Olney Central College,26/08/2015,11/12/2015,18/01/2016,06/05/2016,,Oral Roberts University,14/09/2015,06/12/2015,04/01/2016,24/04/2016,,Orange Coast College,23/08/2015,13/12/2015,30/01/2016,29/05/2016,,Orange County Community College,31/08/2015,12/12/2015,19/01/2016,23/05/2016,,Oregon Institute Of Technology,29/09/2015,12/12/2015,30/03/2016,12/06/2016,,Oregon State University,24/09/2015,11/12/2015,28/03/2016,10/06/2016,,Otterbein College,24/08/2015,07/12/2015,11/01/2016,25/04/2016,,Ouachita Baptist University,25/08/2015,08/12/2015,12/01/2016,26/04/2016,,Ouachita Technical College,26/08/2015,09/12/2015,13/01/2016,27/04/2016,,Our Lady Of Holy Cross College,24/08/2015,12/12/2015,11/01/2016,11/01/2016,,Our Lady Of The Lake College,24/08/2015,04/12/2015,19/01/2016,06/05/2016,,Our Lady Of The Lake University,29/08/2015,18/12/2015,20/01/2016,07/05/2016,,Owens Community College,24/08/2015,13/12/2015,11/01/2016,01/05/2016,,Owensboro Community & Technical College,17/08/2015,13/12/2015,11/01/2016,08/05/2016,,Oxnard College,11/08/2015,10/12/2015,07/01/2016,18/05/2016,,Ozarks Technical Community College,17/08/2015,07/12/2015,11/01/2016,07/05/2016,,Pacific Lutheran University,18/08/2015,30/11/2015,19/01/2016,22/05/2016,,Paine College,31/08/2015,24/12/2015,12/01/2016,19/05/2016,,Palmer College Of Chiropractic,01/09/2015,16/12/2015,13/01/2016,08/05/2015,,Palmer College Of Chiropractic-West,24/08/2015,15/12/2015,11/01/2016,04/05/2016,,Pamlico Community College,25/08/2015,30/11/2015,12/01/2016,25/04/2016,,Panola College,31/08/2015,03/12/2015,19/01/2016,19/05/2016,,Paris Junior College,01/09/2015,15/12/2015,17/01/2016,22/05/2016,,Patten University,24/08/2015,15/12/2015,13/01/2016,19/05/2016,,Paul D Camp Community College,31/08/2015,30/11/2015,09/01/2016,01/05/2015,,Paul Quinn College,01/09/2015,24/12/2015,17/01/2016,08/05/2015,,Paul Smiths College Of Arts And Science,24/08/2015,17/12/2015,13/01/2016,19/05/2016,,Peace College,31/08/2015,15/12/2015,19/01/2016,22/05/2016,,Pennsylvania State University-Delaware County,31/08/2015,16/12/2015,19/01/2016,08/05/2015,,Pennsylvania State University-Penn State Fayette- Eberly Campus,01/09/2015,23/11/2015,20/01/2015,04/05/2016,,Pennsylvania State University-Penn State Great Valley,21/08/2015,03/12/2015,09/01/2016,25/04/2016,,Pennsylvania State University-Penn State Hazleton,31/08/2015,15/12/2015,20/01/2015,22/05/2016,,Pennsylvania State University-Penn State Mont Alto,31/08/2015,24/12/2015,09/01/2016,01/05/2015,,Pennsylvania State University-Penn State Wilkes-Barre,21/08/2015,17/12/2015,11/01/2016,04/05/2016,,Pennsylvania State University-Penn State Worthington Scranton,22/08/2015,16/12/2015,19/01/2016,04/05/2016,,Pennsylvania State University-Penn State York,31/08/2015,23/11/2015,19/01/2016,25/04/2016,,Pensacola Jr Clg-Warrington,21/08/2015,16/12/2015,19/01/2016,01/05/2015,,Philadelphia Biblical University-Langhorne,22/08/2015,17/12/2015,19/01/2016,25/04/2016,,Philander Smith College,15/08/2015,10/12/2015,12/01/2016,02/05/2016,,Piedmont Baptist College And Graduate School,20/08/2015,20/12/2015,23/01/2016,20/05/2016,,Piedmont Community Clg-Person,02/08/2015,01/12/2015,17/01/2016,30/04/2016,,Pima Community Clg-Desert Vist,02/09/2015,23/12/2015,15/01/2016,02/05/2016,,Pima Medical Institute-Mesa,06/08/2015,02/12/2015,20/01/2016,10/05/2016,,